,CIC0,SM1_Dz,GATS1i,MLOGP,Quantitative_response,NdsCH_0,NdsCH_1,NdsCH_2,NdsCH_3,NdsCH_4,NdssC_0,NdssC_1,NdssC_2,NdssC_3,NdssC_4,NdssC_5,NdssC_6
0,3.26,0.8290000000000001,1.676,1.453,3.77,1,0,0,0,0,0,1,0,0,0,0,0
1,2.189,0.58,0.863,1.348,3.115,1,0,0,0,0,1,0,0,0,0,0,0
2,2.125,0.638,0.831,1.348,3.531,1,0,0,0,0,1,0,0,0,0,0,0
3,3.0269999999999997,0.331,1.472,1.807,3.51,0,1,0,0,0,1,0,0,0,0,0,0
4,2.094,0.8270000000000001,0.86,1.886,5.39,1,0,0,0,0,1,0,0,0,0,0,0
5,3.222,0.331,2.177,0.706,1.819,1,0,0,0,0,1,0,0,0,0,0,0
6,3.179,0.0,1.063,2.9419999999999997,3.947,1,0,0,0,0,1,0,0,0,0,0,0
7,3.0,0.0,0.938,2.8510000000000004,3.513,0,1,0,0,0,1,0,0,0,0,0,0
8,2.62,0.499,0.99,2.9419999999999997,4.402,1,0,0,0,0,1,0,0,0,0,0,0
9,2.8339999999999996,0.134,0.95,1.591,3.0210000000000004,1,0,0,0,0,1,0,0,0,0,0,0
10,2.405,0.134,0.843,1.7690000000000001,3.21,1,0,0,0,0,1,0,0,0,0,0,0
11,2.728,0.223,0.953,1.591,2.371,1,0,0,0,0,1,0,0,0,0,0,0
12,2.512,0.223,0.929,1.7690000000000001,3.9189999999999996,0,1,0,0,0,1,0,0,0,0,0,0
13,2.8339999999999996,0.134,1.237,1.859,3.03,1,0,0,0,0,1,0,0,0,0,0,0
14,2.819,0.331,1.271,0.981,2.736,1,0,0,0,0,0,1,0,0,0,0,0
15,2.126,0.251,1.114,0.14300000000000002,2.157,1,0,0,0,0,1,0,0,0,0,0,0
16,2.8339999999999996,0.134,1.3219999999999998,1.199,2.4130000000000003,1,0,0,0,0,1,0,0,0,0,0,0
17,3.014,0.56,1.781,-0.115,0.898,1,0,0,0,0,1,0,0,0,0,0,0
18,3.0239999999999996,0.452,2.698,1.107,0.45,1,0,0,0,0,1,0,0,0,0,0,0
19,3.036,0.405,1.205,1.807,3.733,0,1,0,0,0,1,0,0,0,0,0,0
20,2.707,0.972,1.889,-1.169,2.9760000000000004,1,0,0,0,0,0,0,0,1,0,0,0
21,2.978,1.246,1.103,3.988,6.535,1,0,0,0,0,0,1,0,0,0,0,0
22,3.111,0.732,0.9229999999999999,4.0680000000000005,5.643,1,0,0,0,0,1,0,0,0,0,0,0
23,3.315,0.223,0.96,3.395,4.629,1,0,0,0,0,1,0,0,0,0,0,0
24,2.71,0.93,0.7240000000000001,2.526,4.838,1,0,0,0,0,1,0,0,0,0,0,0
25,3.326,0.647,0.986,3.112,4.081,1,0,0,0,0,0,1,0,0,0,0,0
26,3.332,0.134,1.294,2.51,3.4360000000000004,1,0,0,0,0,1,0,0,0,0,0,0
27,3.8960000000000004,0.134,1.984,2.591,3.45,1,0,0,0,0,1,0,0,0,0,0,0
28,3.155,0.638,2.128,-0.937,1.102,1,0,0,0,0,1,0,0,0,0,0,0
29,2.479,0.887,0.9540000000000001,1.7480000000000002,4.257,1,0,0,0,0,1,0,0,0,0,0,0
30,1.075,1.161,0.865,0.024,5.386,1,0,0,0,0,0,1,0,0,0,0,0
31,3.645,0.223,1.155,2.8369999999999997,3.3930000000000002,1,0,0,0,0,1,0,0,0,0,0,0
32,3.0789999999999997,0.429,2.135,-0.521,1.308,1,0,0,0,0,1,0,0,0,0,0,0
33,3.332,0.134,1.5190000000000001,2.242,3.554,1,0,0,0,0,1,0,0,0,0,0,0
34,2.7260000000000004,0.496,1.179,1.06,2.269,1,0,0,0,0,0,1,0,0,0,0,0
35,3.532,0.134,1.11,2.813,4.165,1,0,0,0,0,1,0,0,0,0,0,0
36,4.216,0.223,1.248,5.0889999999999995,5.896,1,0,0,0,0,1,0,0,0,0,0,0
37,3.605,0.0,1.15,3.562,4.829,1,0,0,0,0,1,0,0,0,0,0,0
38,2.918,0.223,0.9440000000000001,2.066,4.59,0,0,0,1,0,1,0,0,0,0,0,0
39,3.833,0.405,1.5219999999999998,3.492,2.092,1,0,0,0,0,0,1,0,0,0,0,0
40,3.6689999999999996,0.223,1.599,2.274,3.665,1,0,0,0,0,1,0,0,0,0,0,0
41,2.824,0.223,1.0,2.102,3.56,0,1,0,0,0,1,0,0,0,0,0,0
42,2.233,0.64,0.92,2.37,4.805,0,1,0,0,0,1,0,0,0,0,0,0
43,3.103,0.134,1.344,1.5330000000000001,3.174,1,0,0,0,0,1,0,0,0,0,0,0
44,4.413,0.56,1.17,3.906,7.899,0,1,0,0,0,0,0,1,0,0,0,0
45,3.641,0.331,1.933,1.565,2.67,1,0,0,0,0,0,1,0,0,0,0,0
46,3.073,0.693,1.851,0.787,4.016,1,0,0,0,0,0,0,1,0,0,0,0
47,3.012,0.223,1.023,2.193,3.8569999999999998,1,0,0,0,0,1,0,0,0,0,0,0
48,3.818,0.693,1.6269999999999998,2.217,5.522,0,0,1,0,0,0,0,1,0,0,0,0
49,4.171,0.693,1.6780000000000002,2.8489999999999998,4.851,1,0,0,0,0,0,0,1,0,0,0,0
50,3.734,0.223,1.45,2.642,3.84,0,0,1,0,0,0,1,0,0,0,0,0
51,3.734,0.223,1.374,2.642,4.586,0,0,1,0,0,0,0,1,0,0,0,0
52,2.126,0.977,0.7709999999999999,3.795,5.284,1,0,0,0,0,1,0,0,0,0,0,0
53,2.2159999999999997,0.679,0.764,2.296,3.5589999999999997,1,0,0,0,0,1,0,0,0,0,0,0
54,3.179,0.0,1.063,2.9419999999999997,4.091,1,0,0,0,0,1,0,0,0,0,0,0
55,2.62,0.499,0.99,3.21,4.33,1,0,0,0,0,1,0,0,0,0,0,0
56,2.728,0.223,0.953,1.859,3.755,1,0,0,0,0,1,0,0,0,0,0,0
57,2.126,0.83,0.899,3.478,4.552,1,0,0,0,0,1,0,0,0,0,0,0
58,2.2159999999999997,0.5820000000000001,0.8390000000000001,2.127,3.62,1,0,0,0,0,1,0,0,0,0,0,0
59,2.086,0.64,0.838,2.127,4.459,1,0,0,0,0,1,0,0,0,0,0,0
60,2.8339999999999996,0.134,0.95,1.859,2.827,1,0,0,0,0,1,0,0,0,0,0,0
61,2.126,0.405,0.917,0.41100000000000003,6.38,0,0,0,0,1,0,0,1,0,0,0,0
62,3.08,0.405,1.609,1.619,4.7860000000000005,0,1,0,0,0,0,1,0,0,0,0,0
63,1.636,0.64,1.695,0.408,3.861,1,0,0,0,0,1,0,0,0,0,0,0
64,2.219,0.604,1.537,2.026,3.262,1,0,0,0,0,1,0,0,0,0,0,0
65,1.594,0.223,1.3330000000000002,0.094,6.297000000000001,0,0,1,0,0,1,0,0,0,0,0,0
66,1.818,0.499,1.4680000000000002,1.672,3.5460000000000003,0,1,0,0,0,1,0,0,0,0,0,0
67,1.5,0.83,1.891,1.817,2.92,1,0,0,0,0,1,0,0,0,0,0,0
68,1.5119999999999998,0.64,1.844,0.34700000000000003,3.2030000000000003,1,0,0,0,0,1,0,0,0,0,0,0
69,2.56,0.134,1.758,0.34700000000000003,2.283,1,0,0,0,0,1,0,0,0,0,0,0
70,1.818,0.134,1.445,0.20199999999999999,1.5590000000000002,1,0,0,0,0,1,0,0,0,0,0,0
71,1.359,0.134,1.13,0.094,3.47,0,1,0,0,0,1,0,0,0,0,0,0
72,0.667,0.5820000000000001,1.361,0.20199999999999999,4.748,1,0,0,0,0,1,0,0,0,0,0,0
73,2.333,0.251,1.946,-1.053,2.576,1,0,0,0,0,1,0,0,0,0,0,0
74,2.026,0.223,1.429,0.20199999999999999,5.2589999999999995,0,1,0,0,0,1,0,0,0,0,0,0
75,1.594,0.223,1.068,0.20199999999999999,4.564,1,0,0,0,0,1,0,0,0,0,0,0
76,0.965,0.64,1.695,0.20199999999999999,4.37,0,1,0,0,0,1,0,0,0,0,0,0
77,1.9509999999999998,0.405,1.8780000000000001,-1.053,0.053,1,0,0,0,0,1,0,0,0,0,0,0
78,1.0,0.405,1.5,-1.306,2.381,0,0,1,0,0,1,0,0,0,0,0,0
79,1.5119999999999998,0.331,1.6269999999999998,-0.386,2.891,0,1,0,0,0,1,0,0,0,0,0,0
80,3.219,0.405,1.605,0.706,1.088,1,0,0,0,0,1,0,0,0,0,0,0
81,3.74,0.134,1.581,2.274,3.721,1,0,0,0,0,1,0,0,0,0,0,0
82,3.6689999999999996,0.486,1.374,3.2910000000000004,3.701,1,0,0,0,0,1,0,0,0,0,0,0
83,3.57,1.374,2.259,2.05,6.082999999999999,1,0,0,0,0,1,0,0,0,0,0,0
84,5.926,0.134,1.671,6.202999999999999,4.628,1,0,0,0,0,1,0,0,0,0,0,0
85,3.802,0.405,1.527,1.869,3.7,0,1,0,0,0,1,0,0,0,0,0,0
86,2.802,0.223,1.6,1.064,1.8419999999999999,1,0,0,0,0,0,1,0,0,0,0,0
87,2.242,1.0959999999999999,1.9069999999999998,-1.96,3.3960000000000004,1,0,0,0,0,0,1,0,0,0,0,0
88,1.94,0.7490000000000001,1.0659999999999998,1.492,2.99,1,0,0,0,0,1,0,0,0,0,0,0
89,2.126,0.405,1.69,0.479,3.573,0,1,0,0,0,0,1,0,0,0,0,0
90,3.08,0.223,1.5830000000000002,1.442,2.271,1,0,0,0,0,0,1,0,0,0,0,0
91,3.2769999999999997,0.223,1.869,1.587,2.085,1,0,0,0,0,1,0,0,0,0,0,0
92,3.179,0.0,1.063,2.9419999999999997,3.822,1,0,0,0,0,1,0,0,0,0,0,0
93,2.728,0.223,0.953,1.859,3.29,1,0,0,0,0,1,0,0,0,0,0,0
94,2.62,0.499,0.99,3.21,3.84,1,0,0,0,0,1,0,0,0,0,0,0
95,2.2159999999999997,0.5820000000000001,0.8390000000000001,2.127,3.9789999999999996,1,0,0,0,0,1,0,0,0,0,0,0
96,2.8339999999999996,0.134,0.95,1.859,3.47,1,0,0,0,0,1,0,0,0,0,0,0
97,2.359,0.405,0.8140000000000001,0.893,3.3139999999999996,1,0,0,0,0,1,0,0,0,0,0,0
98,2.565,0.693,1.9869999999999999,0.057,4.031000000000001,1,0,0,0,0,0,0,1,0,0,0,0
99,2.085,1.079,0.895,4.063,4.74,1,0,0,0,0,1,0,0,0,0,0,0
100,2.26,0.604,0.836,3.045,4.194,1,0,0,0,0,1,0,0,0,0,0,0
101,2.91,0.0,1.0,2.608,3.447,1,0,0,0,0,1,0,0,0,0,0,0
102,2.512,0.134,1.2930000000000001,0.846,2.364,1,0,0,0,0,1,0,0,0,0,0,0
103,2.26,0.499,0.907,2.8760000000000003,3.645,1,0,0,0,0,1,0,0,0,0,0,0
104,3.08,0.223,1.385,1.195,2.07,1,0,0,0,0,1,0,0,0,0,0,0
105,2.866,0.223,1.3330000000000002,1.05,2.27,1,0,0,0,0,0,1,0,0,0,0,0
106,2.386,0.223,0.857,1.506,3.513,1,0,0,0,0,1,0,0,0,0,0,0
107,2.512,0.134,1.2930000000000001,0.846,2.8110000000000004,1,0,0,0,0,1,0,0,0,0,0,0
108,3.509,0.8540000000000001,1.4780000000000002,2.248,2.832,1,0,0,0,0,1,0,0,0,0,0,0
109,2.98,0.251,2.261,-0.063,1.639,1,0,0,0,0,1,0,0,0,0,0,0
110,2.512,0.134,1.2930000000000001,0.846,2.016,1,0,0,0,0,1,0,0,0,0,0,0
111,2.98,0.251,1.959,-0.063,1.651,1,0,0,0,0,1,0,0,0,0,0,0
112,3.4619999999999997,0.405,1.7169999999999999,2.06,4.0969999999999995,1,0,0,0,0,0,1,0,0,0,0,0
113,2.755,0.405,1.5590000000000002,0.996,3.123,1,0,0,0,0,0,1,0,0,0,0,0
114,2.755,0.405,1.844,0.996,3.2310000000000003,1,0,0,0,0,0,1,0,0,0,0,0
115,2.024,0.977,1.328,2.6039999999999996,5.052,1,0,0,0,0,1,0,0,0,0,0,0
116,2.609,0.604,1.5290000000000001,2.419,3.572,1,0,0,0,0,1,0,0,0,0,0,0
117,2.878,0.134,1.6840000000000002,0.8,2.436,1,0,0,0,0,1,0,0,0,0,0,0
118,1.9609999999999999,0.134,1.215,0.5479999999999999,2.5669999999999997,0,1,0,0,0,1,0,0,0,0,0,0
119,2.665,0.251,1.7619999999999998,-0.534,1.795,1,0,0,0,0,1,0,0,0,0,0,0
120,1.251,0.251,1.126,-0.7859999999999999,5.072,1,0,0,0,0,1,0,0,0,0,0,0
121,2.377,0.331,2.1109999999999998,-0.534,2.156,1,0,0,0,0,1,0,0,0,0,0,0
122,2.366,0.405,2.6060000000000003,-0.128,1.037,1,0,0,0,0,1,0,0,0,0,0,0
123,2.878,0.134,2.102,0.8,1.932,1,0,0,0,0,1,0,0,0,0,0,0
124,1.9609999999999999,0.134,1.27,0.156,2.505,1,0,0,0,0,1,0,0,0,0,0,0
125,2.4619999999999997,0.223,1.669,0.408,1.524,1,0,0,0,0,1,0,0,0,0,0,0
126,1.778,0.223,1.203,0.156,3.048,1,0,0,0,0,1,0,0,0,0,0,0
127,3.609,0.8109999999999999,1.189,3.2910000000000004,5.115,1,0,0,0,0,1,0,0,0,0,0,0
128,3.3160000000000003,0.223,1.571,1.795,2.8560000000000003,1,0,0,0,0,0,1,0,0,0,0,0
129,2.0,0.693,1.128,-0.45,4.3660000000000005,0,0,1,0,0,0,0,1,0,0,0,0
130,4.171,0.693,1.6780000000000002,2.8489999999999998,4.976,1,0,0,0,0,0,0,1,0,0,0,0
131,3.3160000000000003,0.223,1.571,1.795,2.94,1,0,0,0,0,0,1,0,0,0,0,0
132,3.4410000000000003,0.0,1.6669999999999998,3.516,4.538,1,0,0,0,0,1,0,0,0,0,0,0
133,2.4290000000000003,0.83,1.696,2.6039999999999996,3.391,1,0,0,0,0,1,0,0,0,0,0,0
134,3.1430000000000002,0.134,1.641,1.209,2.6919999999999997,1,0,0,0,0,1,0,0,0,0,0,0
135,2.802,0.223,1.6,1.064,3.825,0,1,0,0,0,1,0,0,0,0,0,0
136,2.126,0.405,1.127,-0.226,3.2060000000000004,1,0,0,0,0,1,0,0,0,0,0,0
137,2.7089999999999996,0.331,2.072,-0.081,1.78,1,0,0,0,0,1,0,0,0,0,0,0
138,2.701,0.405,2.003,-0.081,0.5329999999999999,1,0,0,0,0,1,0,0,0,0,0,0
139,3.252,0.0,1.4169999999999998,3.1239999999999997,3.299,1,0,0,0,0,1,0,0,0,0,0,0
140,2.1109999999999998,0.134,1.253,0.46799999999999997,2.9139999999999997,1,0,0,0,0,1,0,0,0,0,0,0
141,2.085,0.56,2.451,-0.544,1.18,1,0,0,0,0,1,0,0,0,0,0,0
142,3.361,0.223,1.4369999999999998,2.021,3.168,0,1,0,0,0,0,0,1,0,0,0,0
143,3.52,0.223,1.5619999999999998,2.129,3.446,1,0,0,0,0,0,1,0,0,0,0,0
144,3.014,0.56,1.9869999999999999,0.5379999999999999,3.4960000000000004,1,0,0,0,0,0,1,0,0,0,0,0
145,3.181,0.604,1.52,3.1260000000000003,4.68,1,0,0,0,0,1,0,0,0,0,0,0
146,3.3689999999999998,0.134,1.614,1.587,3.252,1,0,0,0,0,1,0,0,0,0,0,0
147,3.2769999999999997,0.223,1.633,1.587,2.98,1,0,0,0,0,1,0,0,0,0,0,0
148,2.5069999999999997,0.405,1.5,0.076,3.9360000000000004,0,0,1,0,0,1,0,0,0,0,0,0
149,3.2769999999999997,0.486,1.416,2.6039999999999996,5.47,1,0,0,0,0,1,0,0,0,0,0,0
150,2.67,0.496,2.0469999999999997,-0.917,1.8419999999999999,1,0,0,0,0,1,0,0,0,0,0,0
151,2.7039999999999997,0.56,1.965,-0.917,0.15,1,0,0,0,0,1,0,0,0,0,0,0
152,3.2769999999999997,0.486,1.3430000000000002,2.6039999999999996,3.736,1,0,0,0,0,1,0,0,0,0,0,0
153,3.5660000000000003,0.134,1.595,1.94,3.719,1,0,0,0,0,1,0,0,0,0,0,0
154,2.594,0.251,1.287,0.45399999999999996,1.749,1,0,0,0,0,1,0,0,0,0,0,0
155,3.485,0.223,1.614,1.94,3.5069999999999997,1,0,0,0,0,1,0,0,0,0,0,0
156,3.3160000000000003,0.223,1.571,1.795,3.9789999999999996,0,1,0,0,0,1,0,0,0,0,0,0
157,3.596,0.604,1.515,4.673,5.3629999999999995,1,0,0,0,0,1,0,0,0,0,0,0
158,3.74,0.134,1.581,3.1860000000000004,4.396,1,0,0,0,0,1,0,0,0,0,0,0
159,3.6689999999999996,0.223,1.599,3.1860000000000004,3.984,1,0,0,0,0,1,0,0,0,0,0,0
160,3.199,0.56,2.033,-0.129,1.02,1,0,0,0,0,1,0,0,0,0,0,0
161,2.57,1.028,2.137,1.466,2.9730000000000003,1,0,0,0,0,1,0,0,0,0,0,0
162,3.641,0.405,1.531,3.2889999999999997,3.182,1,0,0,0,0,0,1,0,0,0,0,0
163,4.005,0.223,1.545,3.9530000000000003,5.055,1,0,0,0,0,0,1,0,0,0,0,0
164,3.8960000000000004,0.134,1.571,3.503,4.822,1,0,0,0,0,1,0,0,0,0,0,0
165,3.201,0.693,2.004,-0.937,0.33,1,0,0,0,0,1,0,0,0,0,0,0
166,3.98,0.223,1.578,3.806,4.819,1,0,0,0,0,1,0,0,0,0,0,0
167,4.114,0.223,1.571,4.098,5.218999999999999,1,0,0,0,0,1,0,0,0,0,0,0
168,4.237,0.223,1.565,4.379,5.268,1,0,0,0,0,1,0,0,0,0,0,0
169,4.63,0.405,1.4580000000000002,5.579,3.139,0,0,1,0,0,0,1,0,0,0,0,0
170,2.456,0.331,1.2590000000000001,0.496,2.858,1,0,0,0,0,0,1,0,0,0,0,0
171,2.536,0.764,1.165,2.6189999999999998,4.191,1,0,0,0,0,0,1,0,0,0,0,0
172,3.4610000000000003,0.223,1.281,2.813,4.416,1,0,0,0,0,1,0,0,0,0,0,0
173,2.641,0.496,1.077,1.6969999999999998,3.537,1,0,0,0,0,0,1,0,0,0,0,0
174,3.38,0.638,1.506,1.57,4.38,1,0,0,0,0,0,1,0,0,0,0,0
175,2.544,0.223,1.245,1.064,1.4080000000000001,1,0,0,0,0,1,0,0,0,0,0,0
176,1.2790000000000001,1.16,1.714,1.209,2.9360000000000004,1,0,0,0,0,1,0,0,0,0,0,0
177,2.572,1.834,1.35,3.115,8.471,1,0,0,0,0,0,0,1,0,0,0,0
178,3.222,1.501,0.872,5.149,5.861000000000001,1,0,0,0,0,1,0,0,0,0,0,0
179,3.728,0.956,1.17,4.789,5.574,1,0,0,0,0,1,0,0,0,0,0,0
180,3.358,1.348,1.328,1.89,3.852,1,0,0,0,0,1,0,0,0,0,0,0
181,2.96,0.88,1.53,0.787,5.244,0,1,0,0,0,0,1,0,0,0,0,0
182,4.81,0.693,1.42,5.426,2.548,1,0,0,0,0,0,0,1,0,0,0,0
183,3.3110000000000004,0.56,0.927,3.4610000000000003,5.276,1,0,0,0,0,0,1,0,0,0,0,0
184,3.023,0.56,1.168,2.294,3.924,1,0,0,0,0,0,1,0,0,0,0,0
185,2.585,1.5859999999999999,0.917,5.207000000000001,6.379,1,0,0,0,0,1,0,0,0,0,0,0
186,1.925,1.318,0.595,3.764,4.705,1,0,0,0,0,1,0,0,0,0,0,0
187,2.454,1.075,0.951,2.359,4.96,1,0,0,0,0,1,0,0,0,0,0,0
188,2.508,0.58,0.941,1.7009999999999998,3.766,1,0,0,0,0,1,0,0,0,0,0,0
189,2.222,0.711,0.8490000000000001,0.828,3.641,1,0,0,0,0,1,0,0,0,0,0,0
190,3.389,0.223,0.8490000000000001,3.5869999999999997,4.1080000000000005,1,0,0,0,0,0,1,0,0,0,0,0
191,2.031,0.8909999999999999,0.8220000000000001,2.9560000000000004,4.42,1,0,0,0,0,1,0,0,0,0,0,0
192,1.965,1.4080000000000001,0.7090000000000001,2.736,5.29,1,0,0,0,0,1,0,0,0,0,0,0
193,3.3510000000000004,0.496,1.466,1.097,2.392,1,0,0,0,0,1,0,0,0,0,0,0
194,3.452,0.331,1.476,2.4019999999999997,3.87,0,1,0,0,0,1,0,0,0,0,0,0
195,4.288,0.865,1.327,4.295,5.642,1,0,0,0,0,1,0,0,0,0,0,0
196,2.359,0.405,0.8140000000000001,0.893,4.287,1,0,0,0,0,1,0,0,0,0,0,0
197,2.085,1.079,0.895,4.063,4.79,1,0,0,0,0,1,0,0,0,0,0,0
198,1.962,0.934,0.8190000000000001,2.7289999999999996,4.296,1,0,0,0,0,1,0,0,0,0,0,0
199,3.0410000000000004,0.9470000000000001,1.298,1.976,6.607,1,0,0,0,0,0,1,0,0,0,0,0
200,2.377,0.8270000000000001,0.938,2.239,3.759,1,0,0,0,0,1,0,0,0,0,0,0
201,3.023,0.56,1.168,1.239,3.278,0,1,0,0,0,1,0,0,0,0,0,0
202,2.7769999999999997,0.56,1.127,0.922,3.1180000000000003,0,1,0,0,0,1,0,0,0,0,0,0
203,2.218,0.9229999999999999,1.074,0.29100000000000004,3.237,1,0,0,0,0,1,0,0,0,0,0,0
204,3.103,0.134,1.521,2.193,3.267,1,0,0,0,0,1,0,0,0,0,0,0
205,1.8219999999999998,0.8290000000000001,0.8340000000000001,2.509,3.9330000000000003,1,0,0,0,0,1,0,0,0,0,0,0
206,3.4589999999999996,1.47,1.483,0.491,4.486000000000001,1,0,0,0,0,0,0,1,0,0,0,0
207,2.4419999999999997,1.2109999999999999,2.254,1.401,4.305,1,0,0,0,0,1,0,0,0,0,0,0
208,1.945,0.889,0.835,1.969,3.927,1,0,0,0,0,1,0,0,0,0,0,0
209,3.315,0.223,1.1,2.7230000000000003,4.35,0,1,0,0,0,1,0,0,0,0,0,0
210,2.8680000000000003,1.286,1.294,1.919,4.809,1,0,0,0,0,1,0,0,0,0,0,0
211,2.971,0.8590000000000001,2.162,2.273,4.499,1,0,0,0,0,1,0,0,0,0,0,0
212,3.378,0.134,0.988,3.395,4.65,1,0,0,0,0,1,0,0,0,0,0,0
213,2.9610000000000003,0.405,1.189,1.3119999999999998,2.6039999999999996,1,0,0,0,0,1,0,0,0,0,0,0
214,3.52,0.223,1.5619999999999998,2.129,3.6289999999999996,0,1,0,0,0,1,0,0,0,0,0,0
215,3.012,0.223,1.023,2.193,4.07,1,0,0,0,0,1,0,0,0,0,0,0
216,2.778,0.405,1.17,1.49,2.93,0,1,0,0,0,1,0,0,0,0,0,0
217,3.08,0.223,1.5830000000000002,1.442,3.727,0,1,0,0,0,1,0,0,0,0,0,0
218,3.281,0.693,1.808,1.121,3.095,1,0,0,0,0,0,0,1,0,0,0,0
219,2.359,0.405,0.8140000000000001,0.893,6.4,1,0,0,0,0,1,0,0,0,0,0,0
220,2.026,0.223,1.6669999999999998,0.20199999999999999,2.65,0,1,0,0,0,1,0,0,0,0,0,0
221,2.5069999999999997,0.405,1.5,0.076,2.8510000000000004,1,0,0,0,0,0,0,1,0,0,0,0
222,3.4619999999999997,0.405,1.7169999999999999,2.06,4.208,1,0,0,0,0,0,1,0,0,0,0,0
223,2.4619999999999997,0.223,1.625,0.655,3.654,0,1,0,0,0,1,0,0,0,0,0,0
224,3.0260000000000002,0.405,1.787,1.3730000000000002,3.81,1,0,0,0,0,0,1,0,0,0,0,0
225,2.4290000000000003,0.405,1.954,-0.473,0.9309999999999999,1,0,0,0,0,1,0,0,0,0,0,0
226,2.8360000000000003,0.693,1.43,0.434,3.178,1,0,0,0,0,0,0,1,0,0,0,0
227,4.285,0.134,1.551,4.379,6.255,1,0,0,0,0,1,0,0,0,0,0,0
228,2.5340000000000003,0.872,1.619,-1.186,2.7319999999999998,1,0,0,0,0,1,0,0,0,0,0,0
229,4.077,0.956,1.909,3.234,4.448,1,0,0,0,0,1,0,0,0,0,0,0
230,3.137,0.405,1.3119999999999998,0.7490000000000001,1.0859999999999999,1,0,0,0,0,0,0,1,0,0,0,0
231,2.0340000000000003,0.64,1.7269999999999999,0.8,2.5860000000000003,1,0,0,0,0,1,0,0,0,0,0,0
232,2.0340000000000003,0.331,1.56,0.133,2.117,1,0,0,0,0,0,1,0,0,0,0,0
233,1.6669999999999998,1.278,1.5,2.459,3.955,1,0,0,0,0,0,0,1,0,0,0,0
234,2.283,1.07,1.2229999999999999,1.112,4.2780000000000005,1,0,0,0,0,1,0,0,0,0,0,0
235,3.1639999999999997,0.223,0.909,2.455,3.112,1,0,0,0,0,1,0,0,0,0,0,0
236,3.03,1.821,1.0270000000000001,5.468999999999999,6.897,1,0,0,0,0,0,0,1,0,0,0,0
237,2.031,0.872,1.475,0.20199999999999999,6.4239999999999995,1,0,0,0,0,0,1,0,0,0,0,0
238,4.216,0.223,1.248,4.177,5.78,1,0,0,0,0,1,0,0,0,0,0,0
239,2.119,0.9229999999999999,1.179,0.982,1.05,1,0,0,0,0,0,1,0,0,0,0,0
240,3.9139999999999997,0.56,1.6369999999999998,3.048,3.926,1,0,0,0,0,0,1,0,0,0,0,0
241,3.542,1.38,1.264,1.9709999999999999,6.284,1,0,0,0,0,1,0,0,0,0,0,0
242,3.102,0.693,1.3159999999999998,2.005,3.451,1,0,0,0,0,0,0,1,0,0,0,0
243,3.3930000000000002,1.2919999999999998,2.122,1.595,3.477,1,0,0,0,0,0,0,0,1,0,0,0
244,3.1910000000000003,0.223,0.847,2.859,4.967,1,0,0,0,0,1,0,0,0,0,0,0
245,2.639,1.462,0.83,5.206,5.985,1,0,0,0,0,1,0,0,0,0,0,0
246,2.47,1.4369999999999998,1.3459999999999999,1.821,6.351,0,0,1,0,0,0,0,1,0,0,0,0
247,2.164,1.4369999999999998,1.227,2.573,6.207000000000001,1,0,0,0,0,0,0,1,0,0,0,0
248,3.247,0.638,0.889,2.9219999999999997,4.68,1,0,0,0,0,0,1,0,0,0,0,0
249,4.255,1.695,1.087,2.294,4.475,1,0,0,0,0,1,0,0,0,0,0,0
250,3.6289999999999996,0.331,1.4780000000000002,2.821,3.24,1,0,0,0,0,0,1,0,0,0,0,0
251,3.08,0.8270000000000001,1.079,1.155,5.478,0,0,1,0,0,1,0,0,0,0,0,0
252,3.012,0.223,0.76,2.637,4.62,1,0,0,0,0,1,0,0,0,0,0,0
253,2.374,1.16,0.9790000000000001,3.818,5.048,1,0,0,0,0,0,1,0,0,0,0,0
254,2.855,1.331,1.325,0.45399999999999996,7.045,1,0,0,0,0,0,0,1,0,0,0,0
255,2.024,0.405,1.605,0.133,1.307,1,0,0,0,0,0,1,0,0,0,0,0
256,3.739,0.0,1.25,3.267,2.149,0,1,0,0,0,0,0,1,0,0,0,0
257,3.426,0.693,1.4880000000000002,1.294,3.025,1,0,0,0,0,0,1,0,0,0,0,0
258,2.878,0.134,1.6840000000000002,0.8,2.425,1,0,0,0,0,1,0,0,0,0,0,0
259,4.785,1.263,1.4709999999999999,2.7489999999999997,9.612,0,1,0,0,0,0,0,0,0,1,0,0
260,3.286,0.35700000000000004,2.104,-0.521,1.771,1,0,0,0,0,1,0,0,0,0,0,0
261,2.5069999999999997,0.405,1.652,0.888,4.603,0,1,0,0,0,0,1,0,0,0,0,0
262,2.8569999999999998,0.973,1.838,1.121,5.311,1,0,0,0,0,0,0,1,0,0,0,0
263,3.924,0.693,1.7069999999999999,2.314,4.713,1,0,0,0,0,0,0,1,0,0,0,0
264,3.6010000000000004,0.223,1.35,2.545,4.32,0,0,0,1,0,0,0,1,0,0,0,0
265,3.634,0.693,1.7469999999999999,1.742,4.051,1,0,0,0,0,0,0,1,0,0,0,0
266,1.9680000000000002,0.331,1.891,-1.053,1.47,1,0,0,0,0,1,0,0,0,0,0,0
267,2.4290000000000003,0.405,1.9269999999999998,0.586,2.583,1,0,0,0,0,0,1,0,0,0,0,0
268,3.029,0.331,1.847,0.314,2.474,1,0,0,0,0,1,0,0,0,0,0,0
269,3.605,0.0,1.15,3.562,4.51,1,0,0,0,0,1,0,0,0,0,0,0
270,2.024,0.83,1.761,2.226,3.0069999999999997,1,0,0,0,0,1,0,0,0,0,0,0
271,3.0260000000000002,0.405,1.548,1.3730000000000002,2.84,1,0,0,0,0,0,1,0,0,0,0,0
272,3.4619999999999997,0.405,1.7169999999999999,2.06,4.5569999999999995,1,0,0,0,0,0,1,0,0,0,0,0
273,3.6689999999999996,0.223,1.778,2.274,3.6039999999999996,1,0,0,0,0,1,0,0,0,0,0,0
274,2.9,1.275,0.9129999999999999,3.574,6.564,1,0,0,0,0,0,1,0,0,0,0,0
275,3.832,0.223,1.587,3.503,4.41,1,0,0,0,0,1,0,0,0,0,0,0
276,4.285,0.134,1.71,3.467,5.38,1,0,0,0,0,1,0,0,0,0,0,0
277,3.1639999999999997,2.044,0.83,4.912,6.1129999999999995,1,0,0,0,0,0,1,0,0,0,0,0
278,3.332,0.134,1.294,2.242,3.3739999999999997,1,0,0,0,0,1,0,0,0,0,0,0
279,2.344,0.5820000000000001,1.59,1.4669999999999999,3.109,1,0,0,0,0,1,0,0,0,0,0,0
280,3.353,0.8540000000000001,1.944,1.297,2.451,1,0,0,0,0,1,0,0,0,0,0,0
281,2.9930000000000003,0.8109999999999999,1.232,-0.059000000000000004,5.395,1,0,0,0,0,0,0,1,0,0,0,0
282,2.9139999999999997,0.7979999999999999,0.975,2.715,4.109,1,0,0,0,0,0,1,0,0,0,0,0
283,3.111,0.331,1.011,2.042,3.25,1,0,0,0,0,0,1,0,0,0,0,0
284,2.7769999999999997,0.56,1.127,1.433,4.7669999999999995,0,1,0,0,0,1,0,0,0,0,0,0
285,3.188,1.182,1.244,1.845,5.012,1,0,0,0,0,0,1,0,0,0,0,0
286,3.134,0.223,1.319,1.795,2.739,1,0,0,0,0,1,0,0,0,0,0,0
287,3.514,0.134,1.07,3.315,7.809,0,1,0,0,0,1,0,0,0,0,0,0
288,3.4360000000000004,0.331,0.951,2.786,4.338,1,0,0,0,0,1,0,0,0,0,0,0
289,2.217,0.872,0.875,1.7690000000000001,4.1819999999999995,1,0,0,0,0,1,0,0,0,0,0,0
290,3.219,0.405,1.605,0.706,1.1340000000000001,1,0,0,0,0,1,0,0,0,0,0,0
291,3.645,0.223,1.155,3.105,5.178,1,0,0,0,0,1,0,0,0,0,0,0
292,2.685,0.405,1.145,1.246,3.219,1,0,0,0,0,1,0,0,0,0,0,0
293,2.685,0.405,1.145,1.246,3.11,1,0,0,0,0,1,0,0,0,0,0,0
294,2.9610000000000003,0.405,1.3880000000000001,1.58,3.07,1,0,0,0,0,1,0,0,0,0,0,0
295,3.52,0.223,1.59,1.882,2.883,1,0,0,0,0,1,0,0,0,0,0,0
296,4.029,0.965,1.729,4.038,4.4510000000000005,1,0,0,0,0,1,0,0,0,0,0,0
297,1.883,0.711,1.162,0.602,2.924,1,0,0,0,0,1,0,0,0,0,0,0
298,3.432,0.638,1.385,1.459,5.3389999999999995,1,0,0,0,0,0,1,0,0,0,0,0
299,3.3689999999999998,0.134,1.614,1.587,2.226,1,0,0,0,0,1,0,0,0,0,0,0
300,3.323,1.232,1.1340000000000001,4.207,6.5,1,0,0,0,0,1,0,0,0,0,0,0
301,3.73,0.8290000000000001,1.5619999999999998,3.182,4.732,1,0,0,0,0,0,1,0,0,0,0,0
302,1.831,1.182,1.901,0.158,1.234,1,0,0,0,0,0,0,1,0,0,0,0
303,4.141,0.134,1.22,4.833,6.233,1,0,0,0,0,1,0,0,0,0,0,0
304,3.035,0.223,1.9409999999999998,1.209,2.1069999999999998,1,0,0,0,0,1,0,0,0,0,0,0
305,3.4610000000000003,0.223,1.12,2.813,4.47,1,0,0,0,0,1,0,0,0,0,0,0
306,3.867,0.0,1.4,3.659,5.678,0,0,1,0,0,1,0,0,0,0,0,0
307,1.713,1.0979999999999999,1.7519999999999998,-0.297,3.0460000000000003,1,0,0,0,0,1,0,0,0,0,0,0
308,2.441,0.88,1.54,0.057,4.92,1,0,0,0,0,0,0,1,0,0,0,0
309,1.6340000000000001,0.713,1.19,1.3130000000000002,2.782,1,0,0,0,0,1,0,0,0,0,0,0
310,3.13,0.429,0.88,2.679,5.229,1,0,0,0,0,1,0,0,0,0,0,0
311,1.886,1.153,0.523,2.938,4.737,1,0,0,0,0,1,0,0,0,0,0,0
312,1.886,1.115,0.653,2.6460000000000004,4.342,1,0,0,0,0,1,0,0,0,0,0,0
313,3.6839999999999997,1.275,1.072,4.763999999999999,7.691,1,0,0,0,0,0,1,0,0,0,0,0
314,4.461,0.405,1.139,4.548,4.727,1,0,0,0,0,0,1,0,0,0,0,0
315,3.0869999999999997,0.223,0.96,2.42,3.9789999999999996,0,1,0,0,0,1,0,0,0,0,0,0
316,3.822,0.0,1.125,4.044,5.51,0,1,0,0,0,1,0,0,0,0,0,0
317,3.113,1.5930000000000002,1.319,4.038,6.143,0,1,0,0,0,0,1,0,0,0,0,0
318,2.565,0.452,1.5290000000000001,0.242,2.115,1,0,0,0,0,1,0,0,0,0,0,0
319,2.217,0.845,0.7929999999999999,2.4290000000000003,5.189,0,1,0,0,0,1,0,0,0,0,0,0
320,2.95,1.7719999999999998,1.351,3.11,5.382999999999999,1,0,0,0,0,0,0,0,0,1,0,0
321,3.4019999999999997,0.496,1.45,2.345,4.5569999999999995,0,1,0,0,0,1,0,0,0,0,0,0
322,3.6180000000000003,0.8420000000000001,1.686,1.661,5.184,1,0,0,0,0,0,0,1,0,0,0,0
323,3.613,1.3359999999999999,0.8390000000000001,2.459,4.886,1,0,0,0,0,1,0,0,0,0,0,0
324,3.739,0.0,1.204,3.3739999999999997,5.434,1,0,0,0,0,0,1,0,0,0,0,0
325,2.251,1.501,1.197,4.19,5.632000000000001,1,0,0,0,0,1,0,0,0,0,0,0
326,2.454,1.075,0.951,2.359,6.317,1,0,0,0,0,1,0,0,0,0,0,0
327,2.2159999999999997,0.5820000000000001,1.287,1.4669999999999999,2.74,1,0,0,0,0,1,0,0,0,0,0,0
328,3.323,1.232,1.1340000000000001,4.207,6.525,1,0,0,0,0,1,0,0,0,0,0,0
329,2.126,0.83,1.455,2.459,5.82,1,0,0,0,0,0,1,0,0,0,0,0
330,1.886,0.988,0.764,2.343,3.889,1,0,0,0,0,1,0,0,0,0,0,0
331,3.175,0.8590000000000001,2.095,2.59,4.095,1,0,0,0,0,1,0,0,0,0,0,0
332,3.641,1.192,1.4809999999999999,3.16,5.052,1,0,0,0,0,0,1,0,0,0,0,0
333,2.019,1.317,1.288,2.6889999999999996,4.368,1,0,0,0,0,1,0,0,0,0,0,0
334,3.7089999999999996,1.371,1.4780000000000002,3.909,5.568,1,0,0,0,0,0,1,0,0,0,0,0
335,2.479,0.887,0.9540000000000001,1.7480000000000002,4.458,1,0,0,0,0,1,0,0,0,0,0,0
336,3.5589999999999997,0.223,1.36,2.4459999999999997,3.458,1,0,0,0,0,1,0,0,0,0,0,0
337,4.05,0.693,1.381,3.6180000000000003,5.667000000000001,1,0,0,0,0,0,0,1,0,0,0,0
338,3.24,0.56,0.889,2.214,4.544,1,0,0,0,0,1,0,0,0,0,0,0
339,4.829,0.331,1.521,4.57,6.347,0,0,0,0,1,0,0,0,0,1,0,0
340,2.079,0.988,0.836,2.481,2.608,1,0,0,0,0,0,1,0,0,0,0,0
341,4.037,0.134,1.5630000000000002,3.806,5.18,1,0,0,0,0,1,0,0,0,0,0,0
342,2.137,0.223,1.179,0.655,3.779,1,0,0,0,0,1,0,0,0,0,0,0
343,3.4210000000000003,0.58,1.7,1.57,5.029,1,0,0,0,0,0,1,0,0,0,0,0
344,1.2790000000000001,1.327,1.284,2.2,4.697,1,0,0,0,0,1,0,0,0,0,0,0
345,3.252,0.499,0.8320000000000001,4.416,4.6739999999999995,1,0,0,0,0,1,0,0,0,0,0,0
346,3.252,0.499,0.8320000000000001,4.416,4.3839999999999995,1,0,0,0,0,1,0,0,0,0,0,0
347,3.739,0.0,0.7,4.76,7.346,1,0,0,0,0,1,0,0,0,0,0,0
348,2.591,0.331,1.629,0.8740000000000001,2.395,1,0,0,0,0,1,0,0,0,0,0,0
349,2.1180000000000003,0.956,1.643,-2.03,3.638,1,0,0,0,0,1,0,0,0,0,0,0
350,3.2739999999999996,1.214,1.011,3.3110000000000004,6.54,1,0,0,0,0,1,0,0,0,0,0,0
351,2.544,0.223,1.245,1.064,3.38,1,0,0,0,0,1,0,0,0,0,0,0
352,2.08,0.764,0.7879999999999999,1.514,4.961,1,0,0,0,0,1,0,0,0,0,0,0
353,2.8,0.693,1.091,1.4369999999999998,3.603,1,0,0,0,0,0,1,0,0,0,0,0
354,3.9,0.429,1.5719999999999998,2.2969999999999997,3.842,1,0,0,0,0,0,1,0,0,0,0,0
355,3.177,0.9179999999999999,1.919,2.031,4.1160000000000005,1,0,0,0,0,1,0,0,0,0,0,0
356,2.1109999999999998,1.4769999999999999,1.298,3.225,5.73,1,0,0,0,0,1,0,0,0,0,0,0
357,3.609,0.8109999999999999,1.208,3.2910000000000004,4.38,1,0,0,0,0,1,0,0,0,0,0,0
358,3.261,0.331,2.0469999999999997,0.915,4.1819999999999995,1,0,0,0,0,0,1,0,0,0,0,0
359,3.38,0.7020000000000001,1.527,1.579,3.841,1,0,0,0,0,0,1,0,0,0,0,0
360,2.818,0.88,1.4880000000000002,1.182,3.7260000000000004,1,0,0,0,0,1,0,0,0,0,0,0
361,2.4419999999999997,0.934,0.9840000000000001,3.259,4.208,1,0,0,0,0,0,1,0,0,0,0,0
362,3.63,0.134,1.476,3.358,4.305,1,0,0,0,0,1,0,0,0,0,0,0
363,4.535,0.56,1.137,4.332,8.571,0,1,0,0,0,0,0,1,0,0,0,0
364,3.7560000000000002,0.0,0.9640000000000001,4.23,4.425,1,0,0,0,0,1,0,0,0,0,0,0
365,2.198,0.7979999999999999,0.79,2.056,3.3280000000000003,1,0,0,0,0,0,1,0,0,0,0,0
366,3.159,0.965,1.584,1.121,3.77,1,0,0,0,0,0,0,1,0,0,0,0
367,2.862,1.031,1.828,-0.46299999999999997,4.512,1,0,0,0,0,0,0,0,1,0,0,0
368,4.121,0.8290000000000001,1.551,3.9130000000000003,5.653,1,0,0,0,0,0,1,0,0,0,0,0
369,2.309,0.907,0.871,3.0460000000000003,3.775,1,0,0,0,0,1,0,0,0,0,0,0
370,3.69,0.223,1.062,2.7260000000000004,3.5989999999999998,1,0,0,0,0,1,0,0,0,0,0,0
371,3.282,0.56,1.749,1.117,3.7569999999999997,1,0,0,0,0,0,0,1,0,0,0,0
372,3.465,2.171,0.888,6.515,3.623,1,0,0,0,0,1,0,0,0,0,0,0
373,3.252,0.223,1.077,2.51,4.22,1,0,0,0,0,1,0,0,0,0,0,0
374,4.085,0.134,1.482,4.234,5.63,1,0,0,0,0,1,0,0,0,0,0,0
375,2.7260000000000004,0.496,1.1079999999999999,1.06,3.1,1,0,0,0,0,0,1,0,0,0,0,0
376,2.079,0.988,0.836,2.481,3.298,1,0,0,0,0,0,1,0,0,0,0,0
377,3.867,0.134,1.1740000000000002,3.386,4.064,1,0,0,0,0,1,0,0,0,0,0,0
378,3.33,0.56,1.555,1.042,3.6910000000000003,1,0,0,0,0,0,0,1,0,0,0,0
379,2.3040000000000003,1.028,1.124,2.4330000000000003,4.635,1,0,0,0,0,1,0,0,0,0,0,0
380,3.6910000000000003,0.711,1.073,1.746,5.472,1,0,0,0,0,0,0,1,0,0,0,0
381,3.323,0.405,1.17,2.592,4.577,1,0,0,0,0,0,0,1,0,0,0,0
382,3.5010000000000003,0.405,1.585,2.27,5.147,0,1,0,0,0,0,1,0,0,0,0,0
383,2.594,0.251,0.861,1.68,3.112,1,0,0,0,0,1,0,0,0,0,0,0
384,3.38,0.8740000000000001,0.903,3.1839999999999997,5.278,1,0,0,0,0,0,1,0,0,0,0,0
385,3.332,0.134,0.909,3.051,4.891,1,0,0,0,0,1,0,0,0,0,0,0
386,3.5780000000000003,0.496,1.406,2.391,4.32,1,0,0,0,0,0,1,0,0,0,0,0
387,2.8569999999999998,1.421,2.282,2.3569999999999998,4.295,1,0,0,0,0,1,0,0,0,0,0,0
388,2.634,0.223,0.9390000000000001,1.834,3.926,1,0,0,0,0,1,0,0,0,0,0,0
389,2.8360000000000003,1.86,1.046,4.452,8.207,1,0,0,0,0,0,0,1,0,0,0,0
390,3.179,0.0,0.805,2.9939999999999998,4.154,1,0,0,0,0,1,0,0,0,0,0,0
391,3.588,0.251,1.506,1.564,3.57,1,0,0,0,0,1,0,0,0,0,0,0
392,3.0260000000000002,0.251,2.164,0.314,1.8119999999999998,1,0,0,0,0,1,0,0,0,0,0,0
393,3.739,0.0,1.161,4.431,5.68,1,0,0,0,0,1,0,0,0,0,0,0
394,2.955,0.331,1.3130000000000002,0.652,2.9610000000000003,1,0,0,0,0,1,0,0,0,0,0,0
395,1.844,1.275,0.804,3.109,6.72,1,0,0,0,0,1,0,0,0,0,0,0
396,4.395,0.134,1.546,4.651,6.484,1,0,0,0,0,1,0,0,0,0,0,0
397,3.128,0.713,0.797,4.0169999999999995,5.039,1,0,0,0,0,0,1,0,0,0,0,0
398,2.417,1.028,1.162,3.19,4.169,1,0,0,0,0,0,1,0,0,0,0,0
399,3.055,1.273,1.1320000000000001,2.931,5.393,1,0,0,0,0,1,0,0,0,0,0,0
400,2.6239999999999997,1.621,1.5019999999999998,3.213,6.314,1,0,0,0,0,1,0,0,0,0,0,0
401,3.4360000000000004,1.225,1.839,2.0540000000000003,5.087,1,0,0,0,0,1,0,0,0,0,0,0
402,2.423,0.9490000000000001,1.15,1.94,2.44,1,0,0,0,0,1,0,0,0,0,0,0
403,2.548,0.9470000000000001,1.051,1.66,3.588,0,1,0,0,0,1,0,0,0,0,0,0
404,2.647,1.286,1.278,1.6019999999999999,4.508,1,0,0,0,0,1,0,0,0,0,0,0
405,3.196,1.38,1.234,1.321,6.018,1,0,0,0,0,1,0,0,0,0,0,0
406,3.378,1.38,1.25,1.6540000000000001,4.854,1,0,0,0,0,1,0,0,0,0,0,0
407,2.396,1.5930000000000002,1.351,3.32,6.023,1,0,0,0,0,1,0,0,0,0,0,0
408,1.983,1.714,2.105,2.358,5.062,1,0,0,0,0,1,0,0,0,0,0,0
409,4.086,0.452,1.8430000000000002,0.37,3.463,1,0,0,0,0,1,0,0,0,0,0,0
410,3.353,0.405,1.4180000000000001,1.8780000000000001,5.018,0,1,0,0,0,0,1,0,0,0,0,0
411,3.174,1.5859999999999999,0.91,5.361000000000001,7.382000000000001,0,0,1,0,0,0,0,1,0,0,0,0
412,3.5669999999999997,0.711,1.501,1.7590000000000001,4.043,0,1,0,0,0,0,0,0,1,0,0,0
413,3.591,0.58,1.685,1.851,4.117,1,0,0,0,0,0,1,0,0,0,0,0
414,3.81,1.025,1.055,0.215,3.838,1,0,0,0,0,0,0,1,0,0,0,0
415,3.3110000000000004,0.972,2.208,-0.165,4.244,1,0,0,0,0,0,0,0,1,0,0,0
416,0.667,1.03,0.9059999999999999,1.064,5.558,1,0,0,0,0,1,0,0,0,0,0,0
417,3.9789999999999996,1.306,1.4040000000000001,5.176,4.239,1,0,0,0,0,0,1,0,0,0,0,0
418,2.862,1.54,1.226,3.8960000000000004,6.171,1,0,0,0,0,1,0,0,0,0,0,0
419,2.1830000000000003,0.93,0.846,1.395,4.739,1,0,0,0,0,1,0,0,0,0,0,0
420,2.74,1.04,1.6030000000000002,2.6460000000000004,4.215,1,0,0,0,0,0,1,0,0,0,0,0
421,3.0010000000000003,0.6509999999999999,0.7809999999999999,4.203,5.2620000000000005,1,0,0,0,0,1,0,0,0,0,0,0
422,3.378,1.38,1.25,1.6540000000000001,5.933,1,0,0,0,0,1,0,0,0,0,0,0
423,3.55,1.182,1.624,2.4330000000000003,4.811,1,0,0,0,0,1,0,0,0,0,0,0
424,4.311,1.496,0.9640000000000001,3.522,5.19,1,0,0,0,0,1,0,0,0,0,0,0
425,3.5869999999999997,0.675,2.108,2.5269999999999997,3.656,1,0,0,0,0,1,0,0,0,0,0,0
426,2.8930000000000002,1.236,0.907,3.842,6.047000000000001,1,0,0,0,0,1,0,0,0,0,0,0
427,3.898,0.887,1.45,4.066,5.999,1,0,0,0,0,1,0,0,0,0,0,0
428,3.675,1.7180000000000002,1.248,3.167,4.136,1,0,0,0,0,1,0,0,0,0,0,0
429,2.8169999999999997,1.012,1.521,-1.169,2.069,1,0,0,0,0,0,0,0,1,0,0,0
430,3.937,0.762,1.7080000000000002,1.145,3.2969999999999997,1,0,0,0,0,1,0,0,0,0,0,0
431,1.965,1.028,0.762,2.116,5.303,1,0,0,0,0,1,0,0,0,0,0,0
432,2.819,0.732,1.483,1.7169999999999999,2.9410000000000003,1,0,0,0,0,1,0,0,0,0,0,0
433,2.019,1.317,0.77,3.617,5.93,1,0,0,0,0,1,0,0,0,0,0,0
434,1.8219999999999998,0.6809999999999999,0.794,2.335,3.696,1,0,0,0,0,1,0,0,0,0,0,0
435,2.928,1.131,0.9079999999999999,3.508,5.86,1,0,0,0,0,0,0,1,0,0,0,0
436,2.479,0.887,0.9540000000000001,1.7480000000000002,4.119,1,0,0,0,0,1,0,0,0,0,0,0
437,3.793,0.134,0.93,4.053999999999999,6.037999999999999,1,0,0,0,0,1,0,0,0,0,0,0
438,3.38,1.749,1.135,3.305,4.9510000000000005,1,0,0,0,0,0,1,0,0,0,0,0
439,4.181,0.57,1.383,4.379,6.212999999999999,1,0,0,0,0,1,0,0,0,0,0,0
440,2.2969999999999997,0.762,0.7979999999999999,2.841,3.555,1,0,0,0,0,1,0,0,0,0,0,0
441,2.206,1.3,1.36,2.371,4.739,1,0,0,0,0,1,0,0,0,0,0,0
442,3.407,1.548,1.653,1.145,6.257999999999999,1,0,0,0,0,1,0,0,0,0,0,0
443,1.844,1.275,0.804,3.109,6.784,1,0,0,0,0,1,0,0,0,0,0,0
444,2.2159999999999997,0.389,0.7959999999999999,1.953,3.7510000000000003,1,0,0,0,0,1,0,0,0,0,0,0
445,4.372,0.134,1.254,5.3389999999999995,6.569,1,0,0,0,0,1,0,0,0,0,0,0
446,3.065,1.079,0.825,5.472,6.882000000000001,1,0,0,0,0,1,0,0,0,0,0,0
447,1.786,0.7020000000000001,1.081,-1.265,8.132,1,0,0,0,0,1,0,0,0,0,0,0
448,1.883,0.9159999999999999,1.207,1.188,1.153,1,0,0,0,0,0,1,0,0,0,0,0
449,2.11,0.773,0.773,2.57,3.36,1,0,0,0,0,0,1,0,0,0,0,0
450,1.975,0.802,0.775,2.799,4.227,0,1,0,0,0,1,0,0,0,0,0,0
451,3.6289999999999996,0.223,0.802,3.571,4.269,1,0,0,0,0,1,0,0,0,0,0,0
452,2.309,0.907,0.871,3.0460000000000003,3.782,1,0,0,0,0,1,0,0,0,0,0,0
453,3.3160000000000003,0.223,1.571,1.795,3.8539999999999996,0,1,0,0,0,1,0,0,0,0,0,0
454,4.223,0.638,1.117,3.557,8.169,1,0,0,0,0,0,1,0,0,0,0,0
455,3.333,0.405,0.963,2.9739999999999998,5.63,0,1,0,0,0,1,0,0,0,0,0,0
456,3.7489999999999997,0.331,1.278,2.773,4.777,1,0,0,0,0,1,0,0,0,0,0,0
457,3.3510000000000004,0.797,2.456,-0.19699999999999998,3.903,0,0,1,0,0,1,0,0,0,0,0,0
458,3.0980000000000003,0.93,1.075,2.702,5.65,1,0,0,0,0,1,0,0,0,0,0,0
459,3.734,0.223,1.374,3.661,5.159,1,0,0,0,0,1,0,0,0,0,0,0
460,3.073,1.493,1.2790000000000001,3.737,6.645,1,0,0,0,0,1,0,0,0,0,0,0
461,3.2489999999999997,2.0709999999999997,1.327,3.948,6.446000000000001,1,0,0,0,0,1,0,0,0,0,0,0
462,2.137,0.223,1.375,0.5479999999999999,4.865,0,0,0,1,0,1,0,0,0,0,0,0
463,4.247,0.58,1.36,3.062,5.066,0,0,1,0,0,0,1,0,0,0,0,0
464,2.375,1.026,1.09,2.553,3.895,1,0,0,0,0,0,1,0,0,0,0,0
465,1.6340000000000001,0.713,1.19,1.3130000000000002,2.056,1,0,0,0,0,1,0,0,0,0,0,0
466,2.309,0.762,0.845,1.091,3.6010000000000004,0,1,0,0,0,1,0,0,0,0,0,0
467,3.219,0.8109999999999999,1.127,2.6039999999999996,4.257,1,0,0,0,0,1,0,0,0,0,0,0
468,4.205,1.5119999999999998,1.046,2.11,5.002,1,0,0,0,0,0,0,1,0,0,0,0
469,2.24,0.405,1.203,-0.316,2.286,1,0,0,0,0,1,0,0,0,0,0,0
470,2.233,0.46,0.789,2.206,4.96,0,1,0,0,0,1,0,0,0,0,0,0
471,3.24,0.693,1.4869999999999999,1.002,3.5980000000000003,0,1,0,0,0,1,0,0,0,0,0,0
472,2.2969999999999997,0.762,0.7979999999999999,2.841,3.608,1,0,0,0,0,1,0,0,0,0,0,0
473,2.374,0.8109999999999999,0.8170000000000001,2.841,5.277,0,1,0,0,0,1,0,0,0,0,0,0
474,2.568,0.389,1.012,2.296,3.513,1,0,0,0,0,1,0,0,0,0,0,0
475,3.734,0.223,1.2819999999999998,2.502,3.387,1,0,0,0,0,1,0,0,0,0,0,0
476,3.6010000000000004,0.223,1.254,2.3569999999999998,3.141,1,0,0,0,0,0,1,0,0,0,0,0
477,3.08,0.405,1.609,1.619,3.528,1,0,0,0,0,0,0,1,0,0,0,0
478,3.734,0.223,1.426,2.502,3.18,1,0,0,0,0,1,0,0,0,0,0,0
479,4.532,0.405,1.189,4.638999999999999,5.307,0,1,0,0,0,0,0,0,0,1,0,0
480,4.324,0.0,1.205,4.738,4.302,1,0,0,0,0,0,1,0,0,0,0,0
481,3.08,0.223,1.462,1.442,3.5180000000000002,0,1,0,0,0,1,0,0,0,0,0,0
482,3.073,0.693,1.4380000000000002,0.787,1.055,1,0,0,0,0,0,0,1,0,0,0,0
483,1.962,1.345,0.7829999999999999,3.617,5.752000000000001,1,0,0,0,0,1,0,0,0,0,0,0
484,3.386,0.251,1.225,1.5859999999999999,3.0860000000000003,1,0,0,0,0,1,0,0,0,0,0,0
485,2.448,0.638,0.9209999999999999,1.7009999999999998,3.5210000000000004,1,0,0,0,0,1,0,0,0,0,0,0
486,3.25,0.0,0.95,3.259,3.926,1,0,0,0,0,1,0,0,0,0,0,0
487,2.824,0.223,1.051,1.801,3.168,1,0,0,0,0,1,0,0,0,0,0,0
488,3.134,0.223,1.193,1.548,2.6919999999999997,1,0,0,0,0,1,0,0,0,0,0,0
489,3.11,0.0,1.079,2.42,3.9739999999999998,0,0,1,0,0,1,0,0,0,0,0,0
490,2.309,0.762,1.1179999999999999,-0.129,2.715,1,0,0,0,0,0,0,1,0,0,0,0
491,3.2,0.711,1.235,0.779,2.681,1,0,0,0,0,0,0,0,1,0,0,0
492,3.3369999999999997,1.443,0.9129999999999999,6.166,7.428999999999999,1,0,0,0,0,1,0,0,0,0,0,0
493,2.077,1.236,0.8290000000000001,3.458,4.4239999999999995,1,0,0,0,0,0,1,0,0,0,0,0
494,2.086,0.331,1.2209999999999999,0.14300000000000002,3.815,0,1,0,0,0,1,0,0,0,0,0,0
495,3.7,0.223,1.556,2.4459999999999997,3.662,1,0,0,0,0,0,1,0,0,0,0,0
496,0.965,0.732,1.359,0.435,3.4810000000000003,1,0,0,0,0,0,1,0,0,0,0,0
497,2.1830000000000003,0.93,0.846,1.395,4.224,1,0,0,0,0,1,0,0,0,0,0,0
498,2.031,0.496,1.952,-0.703,1.2309999999999999,1,0,0,0,0,0,1,0,0,0,0,0
499,2.428,0.956,2.609,0.113,1.301,1,0,0,0,0,1,0,0,0,0,0,0
500,3.8710000000000004,0.8290000000000001,1.558,3.0260000000000002,4.539,1,0,0,0,0,0,1,0,0,0,0,0
501,3.0460000000000003,0.0,1.3330000000000002,2.352,4.075,1,0,0,0,0,0,0,1,0,0,0,0
502,4.532,0.405,1.189,4.638999999999999,5.104,0,0,1,0,0,0,0,0,1,0,0,0
503,2.238,1.5130000000000001,2.0780000000000003,0.489,4.513,1,0,0,0,0,1,0,0,0,0,0,0
504,2.841,0.88,1.705,0.226,1.6469999999999998,1,0,0,0,0,0,0,0,1,0,0,0
505,4.031000000000001,1.113,1.1059999999999999,4.579,7.64,0,1,0,0,0,0,0,1,0,0,0,0
506,2.479,0.887,0.9540000000000001,1.7480000000000002,4.912,1,0,0,0,0,1,0,0,0,0,0,0
507,3.252,0.223,1.077,2.51,4.02,1,0,0,0,0,1,0,0,0,0,0,0
508,2.094,0.8270000000000001,0.86,1.886,5.449,1,0,0,0,0,1,0,0,0,0,0,0
509,2.728,0.134,0.9229999999999999,2.102,3.42,1,0,0,0,0,1,0,0,0,0,0,0
510,2.824,0.223,1.0,2.102,3.36,0,1,0,0,0,1,0,0,0,0,0,0
511,2.971,0.972,1.255,2.052,4.565,1,0,0,0,0,0,0,1,0,0,0,0
512,2.477,0.405,0.8759999999999999,1.7,2.474,1,0,0,0,0,0,1,0,0,0,0,0
513,1.9769999999999999,1.112,0.8809999999999999,2.37,4.798,1,0,0,0,0,1,0,0,0,0,0,0
514,2.439,0.93,0.924,1.7480000000000002,5.007,1,0,0,0,0,1,0,0,0,0,0,0
515,3.049,0.762,1.258,1.996,4.369,1,0,0,0,0,0,0,1,0,0,0,0
516,3.78,0.0,1.182,3.8539999999999996,4.938,1,0,0,0,0,1,0,0,0,0,0,0
517,3.219,0.8109999999999999,1.151,2.6039999999999996,3.397,1,0,0,0,0,1,0,0,0,0,0,0
518,2.495,0.56,0.835,1.643,1.969,1,0,0,0,0,0,1,0,0,0,0,0
519,3.0260000000000002,0.405,1.787,1.3730000000000002,2.551,1,0,0,0,0,0,1,0,0,0,0,0
520,2.875,0.5820000000000001,2.311,1.587,3.075,1,0,0,0,0,1,0,0,0,0,0,0
521,2.126,0.83,0.899,3.478,4.263,1,0,0,0,0,1,0,0,0,0,0,0
522,1.639,0.83,1.445,2.081,5.05,0,0,1,0,0,1,0,0,0,0,0,0
523,3.6689999999999996,0.486,1.374,3.2910000000000004,4.61,1,0,0,0,0,1,0,0,0,0,0,0
524,3.609,0.8109999999999999,1.208,3.2910000000000004,4.468999999999999,1,0,0,0,0,1,0,0,0,0,0,0
525,2.33,0.932,0.9309999999999999,2.529,4.559,1,0,0,0,0,0,1,0,0,0,0,0
526,2.542,0.429,1.891,0.562,2.12,1,0,0,0,0,1,0,0,0,0,0,0
527,2.456,0.331,0.875,1.294,2.263,1,0,0,0,0,0,1,0,0,0,0,0
528,3.18,1.281,1.246,2.492,4.963,1,0,0,0,0,1,0,0,0,0,0,0
529,2.4819999999999998,1.3030000000000002,1.415,0.575,4.919,1,0,0,0,0,1,0,0,0,0,0,0
530,2.719,0.8909999999999999,2.292,1.94,3.2889999999999997,1,0,0,0,0,1,0,0,0,0,0,0
531,3.023,0.56,1.168,1.75,3.3789999999999996,1,0,0,0,0,0,1,0,0,0,0,0
532,2.251,0.638,0.871,1.61,4.021,0,1,0,0,0,1,0,0,0,0,0,0
533,4.88,0.134,1.8530000000000002,2.217,4.77,1,0,0,0,0,1,0,0,0,0,0,0
534,2.08,0.8909999999999999,0.816,2.7289999999999996,4.41,1,0,0,0,0,1,0,0,0,0,0,0
535,2.8760000000000003,0.9279999999999999,1.3719999999999999,1.7369999999999999,6.148,1,0,0,0,0,0,1,0,0,0,0,0
536,2.251,0.638,0.871,1.61,4.175,0,1,0,0,0,1,0,0,0,0,0,0
537,4.138999999999999,0.496,1.43,4.206,5.767,1,0,0,0,0,0,1,0,0,0,0,0
538,2.122,1.621,1.511,2.64,5.6770000000000005,1,0,0,0,0,1,0,0,0,0,0,0
539,4.061,0.134,1.6580000000000001,-0.294,3.1510000000000002,1,0,0,0,0,1,0,0,0,0,0,0
540,3.0669999999999997,1.286,1.3090000000000002,2.2230000000000003,5.318,1,0,0,0,0,1,0,0,0,0,0,0
541,2.125,0.73,1.537,0.883,3.0069999999999997,1,0,0,0,0,1,0,0,0,0,0,0
542,3.452,0.331,1.0979999999999999,2.54,3.742,1,0,0,0,0,0,1,0,0,0,0,0
543,2.479,0.887,0.9540000000000001,1.7480000000000002,5.341,1,0,0,0,0,1,0,0,0,0,0,0
544,3.528,1.74,1.288,0.626,5.466,1,0,0,0,0,1,0,0,0,0,0,0
545,2.802,0.223,1.6,1.064,1.999,1,0,0,0,0,0,1,0,0,0,0,0
546,3.609,0.8109999999999999,1.208,3.2910000000000004,4.247,1,0,0,0,0,1,0,0,0,0,0,0
547,3.198,0.405,1.399,1.8969999999999998,3.8739999999999997,1,0,0,0,0,1,0,0,0,0,0,0
548,2.888,0.251,1.771,1.3980000000000001,2.983,1,0,0,0,0,1,0,0,0,0,0,0
549,4.4430000000000005,0.251,1.287,4.453,6.483,0,0,0,0,1,0,0,0,1,0,0,0
550,1.7830000000000001,0.57,1.187,2.033,6.064,0,1,0,0,0,1,0,0,0,0,0,0
551,2.333,0.251,2.327,-0.24100000000000002,3.884,1,0,0,0,0,1,0,0,0,0,0,0
552,3.5260000000000002,0.711,1.5859999999999999,1.569,3.66,1,0,0,0,0,0,0,0,1,0,0,0
553,3.5260000000000002,0.711,1.5959999999999999,0.757,3.423,1,0,0,0,0,0,0,0,1,0,0,0
554,2.366,0.405,1.735,-0.534,0.242,1,0,0,0,0,1,0,0,0,0,0,0
555,2.508,0.58,0.941,1.7009999999999998,3.799,1,0,0,0,0,1,0,0,0,0,0,0
556,4.436,0.764,1.227,5.257999999999999,5.412000000000001,1,0,0,0,0,0,1,0,0,0,0,0
557,4.356,1.028,1.224,5.7410000000000005,5.757999999999999,1,0,0,0,0,0,1,0,0,0,0,0
558,2.1830000000000003,0.93,0.846,1.395,3.6660000000000004,1,0,0,0,0,1,0,0,0,0,0,0
559,3.012,0.223,1.023,2.193,3.7510000000000003,1,0,0,0,0,1,0,0,0,0,0,0
560,2.508,0.58,0.941,1.7009999999999998,3.799,1,0,0,0,0,1,0,0,0,0,0,0
561,3.103,0.134,1.016,2.193,3.21,1,0,0,0,0,1,0,0,0,0,0,0
562,3.05,0.405,0.868,2.233,6.195,0,1,0,0,0,0,0,0,1,0,0,0
563,2.585,1.5859999999999999,1.3519999999999999,4.092,6.551,1,0,0,0,0,1,0,0,0,0,0,0
564,1.962,1.345,0.7829999999999999,3.617,5.352,1,0,0,0,0,1,0,0,0,0,0,0
565,3.1430000000000002,0.134,1.641,1.209,2.2640000000000002,1,0,0,0,0,1,0,0,0,0,0,0
566,2.803,1.501,1.124,4.053,5.385,1,0,0,0,0,1,0,0,0,0,0,0
567,2.126,0.977,0.7709999999999999,3.795,4.762,1,0,0,0,0,1,0,0,0,0,0,0
568,4.532,0.405,1.189,4.638999999999999,5.541,0,0,1,0,0,0,0,1,0,0,0,0
569,2.528,0.58,1.297,1.5390000000000001,3.025,1,0,0,0,0,1,0,0,0,0,0,0
570,3.103,0.134,1.016,2.193,3.6510000000000002,1,0,0,0,0,1,0,0,0,0,0,0
571,3.1710000000000003,0.134,1.189,2.42,3.569,0,1,0,0,0,1,0,0,0,0,0,0
572,3.103,0.134,1.016,2.193,3.22,1,0,0,0,0,1,0,0,0,0,0,0
573,2.456,0.64,0.937,2.461,4.2860000000000005,1,0,0,0,0,1,0,0,0,0,0,0
574,3.26,0.251,1.287,1.994,2.745,1,0,0,0,0,0,1,0,0,0,0,0
575,2.802,0.223,1.6,1.064,4.423,0,1,0,0,0,1,0,0,0,0,0,0
576,3.08,0.223,1.5830000000000002,1.442,2.369,1,0,0,0,0,0,1,0,0,0,0,0
577,3.0460000000000003,0.0,1.3330000000000002,2.352,3.614,0,0,0,0,1,1,0,0,0,0,0,0
578,2.217,0.659,0.7879999999999999,1.758,3.727,1,0,0,0,0,1,0,0,0,0,0,0
579,4.258,0.223,1.538,4.506,5.7410000000000005,1,0,0,0,0,0,1,0,0,0,0,0
580,4.717,0.223,1.288,4.803999999999999,6.3839999999999995,0,1,0,0,0,0,1,0,0,0,0,0
581,3.1430000000000002,0.134,1.641,1.209,2.487,1,0,0,0,0,1,0,0,0,0,0,0
582,3.423,1.19,1.993,-1.358,3.6889999999999996,1,0,0,0,0,0,0,0,0,1,0,0
583,3.332,0.134,1.068,2.242,3.806,1,0,0,0,0,1,0,0,0,0,0,0
584,2.748,0.223,2.048,0.8,1.462,1,0,0,0,0,1,0,0,0,0,0,0
585,4.135,0.58,1.263,2.904,5.537999999999999,0,1,0,0,0,0,0,1,0,0,0,0
586,3.485,0.223,1.614,1.94,2.853,1,0,0,0,0,1,0,0,0,0,0,0
587,2.377,0.8270000000000001,0.938,2.239,5.005,1,0,0,0,0,1,0,0,0,0,0,0
588,2.508,0.58,0.941,1.7009999999999998,3.483,1,0,0,0,0,1,0,0,0,0,0,0
589,2.377,0.8270000000000001,0.938,2.239,3.991,1,0,0,0,0,1,0,0,0,0,0,0
590,3.3139999999999996,0.331,1.173,3.112,3.812,0,1,0,0,0,1,0,0,0,0,0,0
591,3.7880000000000003,0.693,1.365,2.576,4.664,1,0,0,0,0,0,0,1,0,0,0,0
592,2.086,1.685,0.396,4.593999999999999,6.72,1,0,0,0,0,1,0,0,0,0,0,0
593,2.26,1.443,0.902,4.926,6.006,1,0,0,0,0,1,0,0,0,0,0,0
594,1.925,1.364,0.42100000000000004,4.19,5.591,1,0,0,0,0,1,0,0,0,0,0,0
595,2.377,0.8270000000000001,0.938,2.239,5.083,1,0,0,0,0,1,0,0,0,0,0,0
596,2.215,0.887,0.888,1.395,4.33,1,0,0,0,0,1,0,0,0,0,0,0
597,3.905,0.56,1.399,2.65,4.947,0,1,0,0,0,1,0,0,0,0,0,0
598,3.023,0.56,1.349,1.239,3.917,0,1,0,0,0,1,0,0,0,0,0,0
599,2.7260000000000004,0.496,1.179,1.06,3.661,1,0,0,0,0,0,1,0,0,0,0,0
600,2.568,0.5820000000000001,0.9309999999999999,2.461,3.594,1,0,0,0,0,1,0,0,0,0,0,0
601,2.636,0.8270000000000001,0.9990000000000001,2.573,4.393,1,0,0,0,0,1,0,0,0,0,0,0
602,2.439,0.93,0.924,1.7480000000000002,4.856,1,0,0,0,0,1,0,0,0,0,0,0
603,2.781,0.711,1.147,1.515,3.846,1,0,0,0,0,1,0,0,0,0,0,0
604,4.137,0.223,1.5419999999999998,4.234,5.194,1,0,0,0,0,0,1,0,0,0,0,0
605,1.733,1.077,0.81,3.11,4.63,1,0,0,0,0,1,0,0,0,0,0,0
606,2.377,0.8270000000000001,0.938,2.239,3.91,1,0,0,0,0,1,0,0,0,0,0,0
607,2.215,0.887,0.888,1.395,3.932,1,0,0,0,0,1,0,0,0,0,0,0
608,2.377,0.8270000000000001,0.938,2.239,5.146,1,0,0,0,0,1,0,0,0,0,0,0
609,2.11,0.58,0.805,1.61,3.391,1,0,0,0,0,1,0,0,0,0,0,0
610,2.583,0.762,1.104,1.9680000000000002,3.8819999999999997,1,0,0,0,0,0,1,0,0,0,0,0
611,2.11,0.58,0.805,1.61,3.787,1,0,0,0,0,1,0,0,0,0,0,0
612,2.329,0.711,0.868,1.229,3.097,1,0,0,0,0,0,1,0,0,0,0,0
613,2.512,0.134,0.862,1.506,3.0780000000000003,1,0,0,0,0,1,0,0,0,0,0,0
614,1.5119999999999998,0.57,0.879,-0.317,2.445,1,0,0,0,0,0,1,0,0,0,0,0
615,2.092,1.359,2.273,1.246,4.796,0,1,0,0,0,0,1,0,0,0,0,0
616,1.774,0.429,2.299,-0.41,1.8969999999999998,1,0,0,0,0,1,0,0,0,0,0,0
617,3.052,0.638,0.903,3.237,4.906000000000001,1,0,0,0,0,1,0,0,0,0,0,0
618,3.3139999999999996,0.331,1.3969999999999998,2.048,4.473,0,0,0,1,0,1,0,0,0,0,0,0
619,3.554,0.629,0.945,3.315,3.4589999999999996,1,0,0,0,0,1,0,0,0,0,0,0
620,2.7260000000000004,0.496,1.179,1.06,2.126,1,0,0,0,0,0,1,0,0,0,0,0
621,2.983,0.496,2.106,-0.521,1.68,1,0,0,0,0,1,0,0,0,0,0,0
622,2.778,0.83,1.046,3.562,6.652,1,0,0,0,0,1,0,0,0,0,0,0
623,2.634,0.223,1.298,0.943,3.1310000000000002,1,0,0,0,0,1,0,0,0,0,0,0
624,2.08,0.8909999999999999,0.816,2.7289999999999996,4.62,1,0,0,0,0,1,0,0,0,0,0,0
625,2.536,0.496,1.482,0.204,3.03,1,0,0,0,0,0,1,0,0,0,0,0
626,2.0340000000000003,0.64,1.7269999999999999,0.8,2.072,1,0,0,0,0,1,0,0,0,0,0,0
627,2.755,0.83,1.656,2.957,3.7460000000000004,1,0,0,0,0,1,0,0,0,0,0,0
628,1.892,1.4409999999999998,0.7759999999999999,3.426,6.087000000000001,1,0,0,0,0,1,0,0,0,0,0,0
629,3.4019999999999997,0.604,1.517,3.451,5.086,1,0,0,0,0,1,0,0,0,0,0,0
630,3.219,0.8109999999999999,1.127,2.6039999999999996,4.7589999999999995,1,0,0,0,0,1,0,0,0,0,0,0
631,3.137,0.251,1.335,1.141,2.412,1,0,0,0,0,1,0,0,0,0,0,0
632,3.195,0.496,1.133,2.222,4.446000000000001,1,0,0,0,0,0,1,0,0,0,0,0
633,1.0,1.15,0.968,0.996,3.4989999999999997,1,0,0,0,0,0,1,0,0,0,0,0
634,3.343,1.068,0.9229999999999999,2.5380000000000003,3.327,1,0,0,0,0,1,0,0,0,0,0,0
635,2.126,1.278,0.8959999999999999,4.6339999999999995,5.361000000000001,1,0,0,0,0,1,0,0,0,0,0,0
636,2.019,1.126,0.7929999999999999,3.3139999999999996,4.737,1,0,0,0,0,1,0,0,0,0,0,0
637,2.217,0.764,0.8590000000000001,2.269,5.308,0,1,0,0,0,1,0,0,0,0,0,0
638,2.019,1.126,0.7929999999999999,3.3139999999999996,5.001,1,0,0,0,0,1,0,0,0,0,0,0
639,2.025,0.932,0.851,2.2119999999999997,4.672,0,1,0,0,0,1,0,0,0,0,0,0
640,2.479,0.887,0.9540000000000001,1.7480000000000002,4.181,1,0,0,0,0,1,0,0,0,0,0,0
641,1.946,0.223,1.929,-0.172,0.534,1,0,0,0,0,1,0,0,0,0,0,0
642,3.6510000000000002,1.151,0.9109999999999999,2.278,4.54,1,0,0,0,0,0,0,1,0,0,0,0
643,3.252,0.223,1.077,2.51,4.093,1,0,0,0,0,1,0,0,0,0,0,0
644,2.987,1.0759999999999998,0.9209999999999999,3.318,6.077000000000001,1,0,0,0,0,0,1,0,0,0,0,0
645,3.405,0.251,1.56,1.272,4.132,1,0,0,0,0,1,0,0,0,0,0,0
646,2.43,0.496,0.8490000000000001,1.237,3.133,1,0,0,0,0,0,1,0,0,0,0,0
647,2.233,1.07,0.841,3.377,5.251,0,1,0,0,0,1,0,0,0,0,0,0
648,2.065,1.062,0.852,2.463,4.399,1,0,0,0,0,1,0,0,0,0,0,0
649,2.469,0.5820000000000001,0.9129999999999999,2.688,4.002,1,0,0,0,0,1,0,0,0,0,0,0
650,3.08,0.223,1.5830000000000002,1.442,3.7569999999999997,0,1,0,0,0,1,0,0,0,0,0,0
651,1.6340000000000001,0.7979999999999999,1.093,0.68,2.569,1,0,0,0,0,1,0,0,0,0,0,0
652,3.596,0.972,0.941,4.178999999999999,4.828,1,0,0,0,0,0,1,0,0,0,0,0
653,1.6340000000000001,0.713,1.19,0.501,2.319,1,0,0,0,0,1,0,0,0,0,0,0
654,3.675,1.112,1.314,3.4739999999999998,4.706,1,0,0,0,0,0,1,0,0,0,0,0
655,3.333,0.405,0.963,2.9739999999999998,4.632,0,1,0,0,0,1,0,0,0,0,0,0
656,2.396,0.223,1.778,0.34700000000000003,0.778,1,0,0,0,0,1,0,0,0,0,0,0
657,2.026,0.223,1.6669999999999998,0.20199999999999999,0.855,1,0,0,0,0,0,1,0,0,0,0,0
658,1.751,0.629,1.483,-0.317,0.361,1,0,0,0,0,1,0,0,0,0,0,0
659,2.189,1.5859999999999999,2.0,3.2910000000000004,5.242000000000001,1,0,0,0,0,1,0,0,0,0,0,0
660,1.3330000000000002,0.754,1.148,-0.386,3.487,1,0,0,0,0,0,1,0,0,0,0,0
661,2.0340000000000003,0.331,2.6719999999999997,-0.273,0.841,0,1,0,0,0,1,0,0,0,0,0,0
662,0.973,0.988,1.489,0.18,2.725,1,0,0,0,0,0,1,0,0,0,0,0
663,3.8280000000000003,1.2590000000000001,0.966,4.279,8.604,0,1,0,0,0,0,0,1,0,0,0,0
664,3.029,0.331,2.13,0.9670000000000001,1.885,1,0,0,0,0,0,1,0,0,0,0,0
665,3.003,0.134,1.413,2.242,2.647,1,0,0,0,0,1,0,0,0,0,0,0
666,3.74,0.134,1.581,2.274,4.396,1,0,0,0,0,1,0,0,0,0,0,0
667,2.555,1.11,1.686,0.289,2.6010000000000004,1,0,0,0,0,1,0,0,0,0,0,0
668,3.86,0.223,1.55,3.661,4.51,1,0,0,0,0,0,1,0,0,0,0,0
669,3.98,0.223,1.723,2.8939999999999997,4.703,1,0,0,0,0,1,0,0,0,0,0,0
670,1.7830000000000001,0.331,1.6669999999999998,0.087,1.777,1,0,0,0,0,1,0,0,0,0,0,0
671,2.126,0.251,1.719,0.087,2.458,1,0,0,0,0,1,0,0,0,0,0,0
672,4.191,0.762,2.195,1.239,2.6180000000000003,1,0,0,0,0,1,0,0,0,0,0,0
673,3.065,0.9229999999999999,1.317,1.271,2.015,1,0,0,0,0,1,0,0,0,0,0,0
674,3.9610000000000003,0.405,1.083,3.987,5.8420000000000005,0,1,0,0,0,1,0,0,0,0,0,0
675,3.005,1.683,0.774,4.803999999999999,7.287000000000001,1,0,0,0,0,1,0,0,0,0,0,0
676,4.36,0.405,1.228,4.235,6.665,0,1,0,0,0,0,0,1,0,0,0,0
677,3.0269999999999997,0.331,1.011,1.807,3.009,1,0,0,0,0,0,1,0,0,0,0,0
678,2.448,0.638,0.9209999999999999,1.7009999999999998,3.513,1,0,0,0,0,1,0,0,0,0,0,0
679,3.4610000000000003,0.223,1.111,2.3569999999999998,3.3930000000000002,1,0,0,0,0,0,1,0,0,0,0,0
680,4.218999999999999,1.033,0.963,4.246,9.354,1,0,0,0,0,0,1,0,0,0,0,0
681,2.479,0.887,0.9540000000000001,1.7480000000000002,4.208,1,0,0,0,0,1,0,0,0,0,0,0
682,3.676,0.405,1.524,2.289,3.9760000000000004,1,0,0,0,0,0,1,0,0,0,0,0
683,3.033,0.693,1.3119999999999998,1.21,4.832,0,1,0,0,0,1,0,0,0,0,0,0
684,2.6839999999999997,0.988,1.226,3.076,4.404,1,0,0,0,0,0,1,0,0,0,0,0
685,2.396,0.223,1.778,0.34700000000000003,1.121,1,0,0,0,0,1,0,0,0,0,0,0
686,2.748,0.223,1.705,0.8,1.589,1,0,0,0,0,1,0,0,0,0,0,0
687,3.035,0.223,1.662,1.209,2.217,1,0,0,0,0,1,0,0,0,0,0,0
688,2.585,0.0,0.917,2.255,3.502,1,0,0,0,0,1,0,0,0,0,0,0
689,1.439,1.079,1.867,2.226,3.4019999999999997,1,0,0,0,0,1,0,0,0,0,0,0
690,3.444,0.88,1.466,1.95,4.004,1,0,0,0,0,0,0,0,1,0,0,0
691,5.1579999999999995,0.134,1.791,3.1180000000000003,6.04,1,0,0,0,0,1,0,0,0,0,0,0
692,2.526,0.713,1.2009999999999998,2.213,3.5610000000000004,0,1,0,0,0,1,0,0,0,0,0,0
693,3.593,1.236,1.166,4.268,7.607,1,0,0,0,0,1,0,0,0,0,0,0
694,3.3760000000000003,1.278,0.915,5.934,4.862,1,0,0,0,0,1,0,0,0,0,0,0
695,3.98,0.452,2.013,-0.022000000000000002,1.81,1,0,0,0,0,1,0,0,0,0,0,0
696,4.305,0.223,1.348,3.909,5.192,0,0,0,1,0,0,0,1,0,0,0,0
697,2.926,0.5820000000000001,1.939,1.548,3.0460000000000003,1,0,0,0,0,1,0,0,0,0,0,0
698,4.166,0.134,1.556,4.098,5.912000000000001,1,0,0,0,0,1,0,0,0,0,0,0
699,2.938,1.385,1.225,1.02,4.593,1,0,0,0,0,0,0,1,0,0,0,0
700,4.5360000000000005,0.223,1.29,4.907,6.6339999999999995,1,0,0,0,0,1,0,0,0,0,0,0
701,3.134,0.223,1.319,1.795,4.803999999999999,1,0,0,0,0,1,0,0,0,0,0,0
702,2.165,0.134,1.912,-0.172,2.3,1,0,0,0,0,1,0,0,0,0,0,0
703,1.126,0.134,1.431,-0.317,1.399,1,0,0,0,0,1,0,0,0,0,0,0
704,1.429,0.223,1.75,-0.317,3.076,0,1,0,0,0,1,0,0,0,0,0,0
705,1.429,0.223,1.804,-0.564,2.72,1,0,0,0,0,1,0,0,0,0,0,0
706,1.0,0.83,1.432,1.672,2.8560000000000003,1,0,0,0,0,0,1,0,0,0,0,0
707,0.965,0.64,1.695,0.20199999999999999,3.272,1,0,0,0,0,0,1,0,0,0,0,0
708,3.0010000000000003,0.134,2.92,-2.884,2.375,1,0,0,0,0,1,0,0,0,0,0,0
709,2.748,0.223,1.705,0.8,1.063,1,0,0,0,0,1,0,0,0,0,0,0
710,1.2790000000000001,0.8109999999999999,1.3130000000000002,0.58,2.925,1,0,0,0,0,1,0,0,0,0,0,0
711,3.08,0.223,1.5830000000000002,1.442,3.0610000000000004,1,0,0,0,0,0,1,0,0,0,0,0
712,1.5230000000000001,1.028,1.5119999999999998,0.996,2.693,1,0,0,0,0,0,1,0,0,0,0,0
713,1.8319999999999999,1.209,1.364,-0.792,3.8280000000000003,1,0,0,0,0,1,0,0,0,0,0,0
714,1.7009999999999998,1.443,1.905,2.957,4.44,1,0,0,0,0,1,0,0,0,0,0,0
715,1.094,1.236,1.4609999999999999,0.996,1.911,1,0,0,0,0,0,1,0,0,0,0,0
716,2.931,1.71,0.935,5.124,7.017,0,0,1,0,0,0,0,1,0,0,0,0
717,2.126,0.83,1.455,2.459,4.184,0,1,0,0,0,1,0,0,0,0,0,0
718,3.641,0.331,1.933,1.9709999999999999,3.2460000000000004,0,1,0,0,0,1,0,0,0,0,0,0
719,2.137,0.223,1.179,0.655,3.841,1,0,0,0,0,1,0,0,0,0,0,0
720,3.514,0.0,1.375,3.0380000000000003,4.465,0,0,1,0,0,0,0,1,0,0,0,0
721,3.668,0.134,1.1320000000000001,2.502,3.782,1,0,0,0,0,1,0,0,0,0,0,0
722,2.6319999999999997,0.429,1.176,1.074,2.975,1,0,0,0,0,1,0,0,0,0,0,0
723,2.465,1.5859999999999999,1.0,3.5580000000000003,7.591,1,0,0,0,0,0,0,0,0,1,0,0
724,2.33,0.58,1.776,-0.741,0.89,1,0,0,0,0,0,0,1,0,0,0,0
725,3.465,0.0,0.963,3.267,3.407,0,0,0,0,1,1,0,0,0,0,0,0
726,3.2769999999999997,0.223,1.633,1.587,2.182,1,0,0,0,0,1,0,0,0,0,0,0
727,2.866,0.223,1.288,1.442,1.906,1,0,0,0,0,1,0,0,0,0,0,0
728,3.738,1.131,1.584,2.5580000000000003,4.422,0,1,0,0,0,0,0,1,0,0,0,0
729,2.08,1.033,0.902,3.157,3.693,1,0,0,0,0,1,0,0,0,0,0,0
730,3.739,0.0,1.204,3.3739999999999997,5.689,0,1,0,0,0,0,1,0,0,0,0,0
731,3.1910000000000003,0.223,1.1540000000000001,1.7369999999999999,2.6860000000000004,1,0,0,0,0,1,0,0,0,0,0,0
732,3.815,1.825,1.351,-0.45,4.691,1,0,0,0,0,1,0,0,0,0,0,0
733,4.628,1.209,1.9680000000000002,2.437,4.551,1,0,0,0,0,1,0,0,0,0,0,0
734,3.41,0.223,1.278,1.9469999999999998,2.737,0,1,0,0,0,0,0,1,0,0,0,0
735,2.739,0.0,1.3,1.974,2.9530000000000003,0,1,0,0,0,0,1,0,0,0,0,0
736,2.748,0.223,1.705,0.8,1.6909999999999998,1,0,0,0,0,1,0,0,0,0,0,0
737,2.024,0.83,1.761,2.226,2.928,1,0,0,0,0,1,0,0,0,0,0,0
738,2.665,0.251,1.7619999999999998,-0.534,1.817,1,0,0,0,0,1,0,0,0,0,0,0
739,2.748,0.223,1.705,0.8,1.305,1,0,0,0,0,1,0,0,0,0,0,0
740,2.4619999999999997,0.223,1.625,0.655,1.3519999999999999,1,0,0,0,0,0,1,0,0,0,0,0
741,2.377,0.331,1.734,-0.534,1.474,1,0,0,0,0,1,0,0,0,0,0,0
742,3.2,1.531,1.0590000000000002,3.089,6.16,1,0,0,0,0,1,0,0,0,0,0,0
743,1.439,1.079,1.867,2.226,3.213,1,0,0,0,0,1,0,0,0,0,0,0
744,1.126,1.079,1.44,2.081,3.47,0,1,0,0,0,0,1,0,0,0,0,0
745,1.636,0.331,1.265,-0.38,2.766,0,1,0,0,0,0,1,0,0,0,0,0
746,2.024,0.405,2.065,0.133,2.269,1,0,0,0,0,0,1,0,0,0,0,0
747,1.5,1.278,1.868,2.6039999999999996,3.9160000000000004,1,0,0,0,0,1,0,0,0,0,0,0
748,3.957,0.223,1.2690000000000001,2.998,4.577,0,0,1,0,0,0,0,0,1,0,0,0
749,3.383,1.4080000000000001,0.892,4.803999999999999,5.44,1,0,0,0,0,1,0,0,0,0,0,0
750,3.819,0.615,0.8640000000000001,4.878,3.715,1,0,0,0,0,1,0,0,0,0,0,0
751,3.0439999999999996,1.028,0.9590000000000001,3.762,5.95,0,1,0,0,0,1,0,0,0,0,0,0
752,3.7760000000000002,0.405,0.92,3.306,4.691,1,0,0,0,0,1,0,0,0,0,0,0
753,3.39,0.934,0.889,4.436,5.263999999999999,1,0,0,0,0,1,0,0,0,0,0,0
754,3.645,0.223,1.155,3.105,4.81,1,0,0,0,0,1,0,0,0,0,0,0
755,3.9210000000000003,0.251,1.3980000000000001,1.6219999999999999,3.4160000000000004,1,0,0,0,0,1,0,0,0,0,0,0
756,3.9930000000000003,0.223,1.214,3.563,4.611000000000001,0,1,0,0,0,1,0,0,0,0,0,0
757,2.5069999999999997,0.405,1.652,0.888,2.495,1,0,0,0,0,0,0,1,0,0,0,0
758,4.566,0.35700000000000004,1.3940000000000001,3.903,6.922999999999999,0,0,0,0,1,0,1,0,0,0,0,0
759,2.377,1.278,0.9740000000000001,4.658,5.372000000000001,1,0,0,0,0,1,0,0,0,0,0,0
760,2.1180000000000003,0.956,2.539,-0.406,3.845,1,0,0,0,0,1,0,0,0,0,0,0
761,2.523,0.56,1.6019999999999999,0.052000000000000005,4.3839999999999995,0,1,0,0,0,0,1,0,0,0,0,0
762,3.361,0.223,1.3419999999999999,2.129,5.485,1,0,0,0,0,1,0,0,0,0,0,0
763,3.7,0.223,1.556,3.358,3.971,1,0,0,0,0,0,1,0,0,0,0,0
764,2.818,0.83,1.386,2.8989999999999996,3.92,1,0,0,0,0,1,0,0,0,0,0,0
765,3.465,0.0,0.802,3.958,4.984,1,0,0,0,0,1,0,0,0,0,0,0
766,3.003,0.134,1.032,2.1519999999999997,4.171,1,0,0,0,0,1,0,0,0,0,0,0
767,4.268,0.9159999999999999,1.19,1.936,7.849,1,0,0,0,0,0,0,1,0,0,0,0
768,3.26,0.405,0.9209999999999999,2.782,4.578,1,0,0,0,0,1,0,0,0,0,0,0
769,3.426,0.85,1.7919999999999998,2.59,4.377,1,0,0,0,0,1,0,0,0,0,0,0
770,3.888,0.693,0.978,4.633,6.6,1,0,0,0,0,0,0,1,0,0,0,0
771,3.477,0.693,1.344,2.577,4.1160000000000005,1,0,0,0,0,0,0,1,0,0,0,0
772,4.05,0.693,1.381,3.6180000000000003,5.49,1,0,0,0,0,0,0,1,0,0,0,0
773,4.05,0.693,1.381,3.6180000000000003,5.367000000000001,1,0,0,0,0,0,0,1,0,0,0,0
774,3.557,0.331,1.301,2.209,4.711,0,0,1,0,0,0,1,0,0,0,0,0
775,4.073,0.693,1.171,4.091,5.224,1,0,0,0,0,0,0,1,0,0,0,0
776,2.7439999999999998,0.496,0.753,3.0180000000000002,4.284,1,0,0,0,0,1,0,0,0,0,0,0
777,3.252,0.134,0.875,2.859,5.292000000000001,1,0,0,0,0,1,0,0,0,0,0,0
778,2.815,0.56,1.585,0.43,2.758,1,0,0,0,0,0,0,1,0,0,0,0
779,2.031,0.8540000000000001,2.591,-0.816,2.6889999999999996,1,0,0,0,0,1,0,0,0,0,0,0
780,3.265,0.496,0.9620000000000001,3.055,4.732,1,0,0,0,0,0,1,0,0,0,0,0
781,2.085,1.079,0.895,4.063,4.89,1,0,0,0,0,1,0,0,0,0,0,0
782,2.351,1.5859999999999999,1.25,3.659,6.416,1,0,0,0,0,0,0,0,0,1,0,0
783,2.822,0.8109999999999999,1.524,-2.089,0.6,1,0,0,0,0,1,0,0,0,0,0,0
784,3.315,0.9159999999999999,1.7530000000000001,-0.439,2.501,1,0,0,0,0,0,0,1,0,0,0,0
785,1.4169999999999998,0.898,0.648,2.042,4.421,1,0,0,0,0,1,0,0,0,0,0,0
786,2.1180000000000003,0.934,0.9129999999999999,2.9560000000000004,4.988,0,1,0,0,0,1,0,0,0,0,0,0
787,1.925,1.16,0.8009999999999999,3.3139999999999996,4.499,1,0,0,0,0,1,0,0,0,0,0,0
788,2.536,0.429,0.871,1.237,2.537,1,0,0,0,0,0,1,0,0,0,0,0
789,2.43,0.496,0.946,2.241,3.568,1,0,0,0,0,1,0,0,0,0,0,0
790,1.8219999999999998,0.8290000000000001,0.8340000000000001,2.509,3.7310000000000003,1,0,0,0,0,1,0,0,0,0,0,0
791,2.125,0.638,0.831,1.348,2.9389999999999996,1,0,0,0,0,1,0,0,0,0,0,0
792,3.0980000000000003,0.93,1.075,2.702,6.236000000000001,1,0,0,0,0,1,0,0,0,0,0,0
793,3.26,0.8109999999999999,0.7020000000000001,4.412,6.297999999999999,1,0,0,0,0,1,0,0,0,0,0,0
794,2.9819999999999998,0.496,1.151,1.7830000000000001,3.522,1,0,0,0,0,0,1,0,0,0,0,0
795,2.019,1.126,0.7929999999999999,3.3139999999999996,4.73,1,0,0,0,0,1,0,0,0,0,0,0
796,2.508,0.58,0.941,1.7009999999999998,3.7889999999999997,1,0,0,0,0,1,0,0,0,0,0,0
797,3.4610000000000003,0.223,1.12,2.813,4.672,1,0,0,0,0,1,0,0,0,0,0,0
798,2.233,0.64,0.92,2.37,4.75,0,1,0,0,0,1,0,0,0,0,0,0
799,2.477,0.405,0.8759999999999999,1.6669999999999998,4.725,0,1,0,0,0,1,0,0,0,0,0,0
800,3.3939999999999997,0.0,0.868,3.677,4.199,1,0,0,0,0,1,0,0,0,0,0,0
801,2.937,0.499,0.8,3.945,4.849,1,0,0,0,0,1,0,0,0,0,0,0
802,3.012,0.223,0.76,2.637,4.538,1,0,0,0,0,1,0,0,0,0,0,0
803,3.315,0.223,0.799,3.127,4.507,1,0,0,0,0,1,0,0,0,0,0,0
804,2.11,1.15,0.72,3.157,5.518,0,1,0,0,0,1,0,0,0,0,0,0
805,4.2780000000000005,0.405,1.345,3.5460000000000003,4.668,1,0,0,0,0,1,0,0,0,0,0,0
806,3.179,0.0,0.805,3.386,4.322,1,0,0,0,0,1,0,0,0,0,0,0
807,2.8339999999999996,0.134,1.0090000000000001,2.066,3.448,1,0,0,0,0,1,0,0,0,0,0,0
808,2.448,0.638,1.121,1.7009999999999998,2.904,1,0,0,0,0,1,0,0,0,0,0,0
809,3.9210000000000003,0.134,1.7890000000000001,2.502,3.861,1,0,0,0,0,1,0,0,0,0,0,0
810,3.532,0.134,1.518,2.813,3.9589999999999996,1,0,0,0,0,1,0,0,0,0,0,0
811,3.585,0.331,1.4909999999999999,2.224,3.53,1,0,0,0,0,1,0,0,0,0,0,0
812,3.0860000000000003,0.948,0.7509999999999999,3.5860000000000003,5.107,1,0,0,0,0,1,0,0,0,0,0,0
813,3.465,0.0,0.8370000000000001,3.8760000000000003,4.809,1,0,0,0,0,1,0,0,0,0,0,0
814,3.315,0.223,0.799,3.127,4.44,1,0,0,0,0,1,0,0,0,0,0,0
815,1.855,1.179,1.44,1.587,2.838,1,0,0,0,0,1,0,0,0,0,0,0
816,2.866,0.223,1.288,1.335,3.411,0,0,1,0,0,1,0,0,0,0,0,0
817,2.137,0.223,1.179,0.655,3.2880000000000003,1,0,0,0,0,1,0,0,0,0,0,0
818,3.036,0.405,1.205,2.351,4.247,1,0,0,0,0,0,1,0,0,0,0,0
819,3.111,0.405,1.05,1.756,5.169,1,0,0,0,0,0,0,1,0,0,0,0
820,2.677,0.331,1.5819999999999999,0.586,2.895,1,0,0,0,0,0,1,0,0,0,0,0
821,1.962,1.345,0.7829999999999999,3.617,5.348,1,0,0,0,0,1,0,0,0,0,0,0
822,2.4419999999999997,0.934,0.9840000000000001,2.991,4.208,1,0,0,0,0,0,1,0,0,0,0,0
823,3.1710000000000003,0.134,1.011,2.186,3.984,1,0,0,0,0,1,0,0,0,0,0,0
824,2.9819999999999998,0.496,1.151,1.7830000000000001,3.665,1,0,0,0,0,0,1,0,0,0,0,0
825,3.8739999999999997,0.638,1.3519999999999999,2.575,4.561,0,0,0,0,1,0,1,0,0,0,0,0
826,2.43,0.496,0.83,1.1320000000000001,4.628,0,1,0,0,0,1,0,0,0,0,0,0
827,2.435,1.113,1.109,2.354,2.839,1,0,0,0,0,0,1,0,0,0,0,0
828,3.247,0.8740000000000001,1.2209999999999999,2.659,4.262,1,0,0,0,0,0,1,0,0,0,0,0
829,2.928,1.113,1.185,2.927,4.141,1,0,0,0,0,0,1,0,0,0,0,0
830,3.235,1.131,0.996,2.7230000000000003,5.354,1,0,0,0,0,1,0,0,0,0,0,0
831,3.177,0.629,0.871,3.315,3.365,1,0,0,0,0,1,0,0,0,0,0,0
832,2.495,0.56,0.835,1.099,4.023,0,1,0,0,0,1,0,0,0,0,0,0
833,2.233,0.57,0.883,1.501,3.325,1,0,0,0,0,1,0,0,0,0,0,0
834,3.179,0.0,1.063,2.9419999999999997,3.8110000000000004,1,0,0,0,0,1,0,0,0,0,0,0
835,2.728,0.223,0.953,1.859,3.897,1,0,0,0,0,1,0,0,0,0,0,0
836,2.62,0.499,0.99,3.21,4.23,1,0,0,0,0,1,0,0,0,0,0,0
837,2.126,0.83,0.899,3.478,4.194,1,0,0,0,0,1,0,0,0,0,0,0
838,2.2159999999999997,0.5820000000000001,0.8390000000000001,2.127,4.353,1,0,0,0,0,1,0,0,0,0,0,0
839,2.62,0.28800000000000003,0.8390000000000001,3.045,3.753,1,0,0,0,0,1,0,0,0,0,0,0
840,2.8339999999999996,0.134,0.95,1.859,3.12,1,0,0,0,0,1,0,0,0,0,0,0
841,2.086,0.64,0.838,2.127,3.995,1,0,0,0,0,1,0,0,0,0,0,0
842,3.407,0.0,1.111,3.259,4.192,1,0,0,0,0,1,0,0,0,0,0,0
843,3.012,0.223,1.023,2.193,3.92,1,0,0,0,0,1,0,0,0,0,0,0
844,2.477,0.83,0.983,3.795,4.54,1,0,0,0,0,1,0,0,0,0,0,0
845,2.477,0.83,0.983,3.795,4.743,1,0,0,0,0,1,0,0,0,0,0,0
846,2.08,0.8909999999999999,0.816,2.7289999999999996,4.332,1,0,0,0,0,1,0,0,0,0,0,0
847,2.888,0.251,0.9440000000000001,1.246,1.935,1,0,0,0,0,1,0,0,0,0,0,0
848,2.08,0.8909999999999999,0.816,2.7289999999999996,4.989,1,0,0,0,0,1,0,0,0,0,0,0
849,2.126,1.278,0.8959999999999999,4.6339999999999995,5.815,1,0,0,0,0,1,0,0,0,0,0,0
850,1.925,1.16,0.8009999999999999,3.3139999999999996,5.192,1,0,0,0,0,1,0,0,0,0,0,0
851,3.69,0.223,0.883,3.887,6.644,1,0,0,0,0,1,0,0,0,0,0,0
852,3.8139999999999996,0.331,1.225,3.345,3.698,1,0,0,0,0,0,1,0,0,0,0,0
853,2.888,0.405,1.472,1.5219999999999998,5.105,0,1,0,0,0,0,0,1,0,0,0,0
854,2.824,0.223,1.051,1.5330000000000001,4.05,1,0,0,0,0,1,0,0,0,0,0,0
855,1.855,1.067,1.244,1.587,3.487,1,0,0,0,0,1,0,0,0,0,0,0
856,2.802,0.223,1.6,1.064,3.937,0,1,0,0,0,1,0,0,0,0,0,0
857,1.92,1.079,1.7380000000000002,2.6039999999999996,3.408,1,0,0,0,0,1,0,0,0,0,0,0
858,2.802,0.223,1.6,1.064,1.7480000000000002,1,0,0,0,0,0,1,0,0,0,0,0
859,2.435,0.331,1.5319999999999998,0.586,2.0140000000000002,1,0,0,0,0,0,1,0,0,0,0,0
860,3.611,0.331,2.017,1.393,2.859,1,0,0,0,0,1,0,0,0,0,0,0
861,2.215,0.887,0.888,1.395,4.084,1,0,0,0,0,1,0,0,0,0,0,0
862,3.16,1.028,0.809,3.842,5.939,1,0,0,0,0,1,0,0,0,0,0,0
863,3.26,0.405,1.151,2.11,3.835,0,1,0,0,0,1,0,0,0,0,0,0
864,1.965,0.405,1.169,-0.145,3.66,0,1,0,0,0,1,0,0,0,0,0,0
865,1.7830000000000001,0.629,0.75,0.736,3.46,0,1,0,0,0,1,0,0,0,0,0,0
866,2.3480000000000003,0.762,0.85,2.6210000000000004,3.7689999999999997,1,0,0,0,0,1,0,0,0,0,0,0
867,3.4610000000000003,0.223,1.12,2.813,4.463,1,0,0,0,0,1,0,0,0,0,0,0
868,3.407,0.0,1.111,3.259,4.279,1,0,0,0,0,1,0,0,0,0,0,0
869,2.824,0.223,1.0,2.102,2.87,1,0,0,0,0,0,1,0,0,0,0,0
870,2.233,0.64,0.92,2.102,3.615,1,0,0,0,0,0,1,0,0,0,0,0
871,2.08,0.496,0.858,1.8869999999999998,3.022,1,0,0,0,0,1,0,0,0,0,0,0
872,2.434,1.17,0.996,1.391,3.575,0,1,0,0,0,1,0,0,0,0,0,0
873,2.765,0.331,0.951,1.49,2.55,1,0,0,0,0,0,1,0,0,0,0,0
874,2.43,0.496,0.946,2.241,3.66,1,0,0,0,0,1,0,0,0,0,0,0
875,2.252,1.075,0.885,2.005,5.303,1,0,0,0,0,1,0,0,0,0,0,0
876,2.508,0.58,0.941,1.7009999999999998,3.242,1,0,0,0,0,1,0,0,0,0,0,0
877,2.508,0.58,0.941,1.7009999999999998,3.345,1,0,0,0,0,1,0,0,0,0,0,0
878,2.251,0.638,0.871,1.61,4.416,0,1,0,0,0,1,0,0,0,0,0,0
879,2.094,0.8270000000000001,0.86,1.886,4.239,1,0,0,0,0,1,0,0,0,0,0,0
880,3.739,0.0,1.25,3.267,4.638,0,0,1,0,0,0,0,1,0,0,0,0
881,3.332,0.134,1.5190000000000001,2.51,3.415,1,0,0,0,0,1,0,0,0,0,0,0
882,2.43,0.496,0.946,2.241,3.4410000000000003,1,0,0,0,0,1,0,0,0,0,0,0
883,2.815,0.56,1.585,0.43,4.59,0,1,0,0,0,0,1,0,0,0,0,0
884,1.5,0.405,1.669,-0.386,2.661,1,0,0,0,0,0,1,0,0,0,0,0
885,3.1260000000000003,0.693,1.69,1.024,4.282,0,0,1,0,0,0,0,1,0,0,0,0
886,3.86,0.223,1.429,2.502,3.9189999999999996,1,0,0,0,0,1,0,0,0,0,0,0
887,1.814,1.3159999999999998,1.074,1.119,3.35,1,0,0,0,0,0,1,0,0,0,0,0
888,3.69,1.159,1.295,4.449,5.749,1,0,0,0,0,0,0,1,0,0,0,0
889,4.211,0.932,1.045,4.832,8.916,1,0,0,0,0,0,1,0,0,0,0,0
890,2.16,1.16,1.607,1.94,3.13,1,0,0,0,0,1,0,0,0,0,0,0
891,4.327,0.56,1.254,3.3989999999999996,6.683,0,0,1,0,0,0,0,0,0,0,1,0
892,3.057,1.636,0.995,4.452,8.433,1,0,0,0,0,0,0,1,0,0,0,0
893,3.4010000000000002,0.732,1.185,2.7910000000000004,3.529,1,0,0,0,0,0,1,0,0,0,0,0
894,2.086,1.501,0.7659999999999999,3.909,6.093,1,0,0,0,0,1,0,0,0,0,0,0
895,3.08,0.223,1.462,1.442,2.494,0,0,1,0,0,1,0,0,0,0,0,0
896,3.41,0.134,1.722,-1.1740000000000002,3.017,1,0,0,0,0,1,0,0,0,0,0,0
897,3.1010000000000004,1.535,1.3259999999999998,1.655,6.2379999999999995,1,0,0,0,0,0,1,0,0,0,0,0
898,3.5989999999999998,0.7020000000000001,1.514,3.247,6.183,0,0,1,0,0,0,1,0,0,0,0,0
899,2.986,0.961,1.669,1.798,3.1519999999999997,1,0,0,0,0,0,0,0,0,1,0,0
900,2.804,1.11,0.618,1.317,6.254,1,0,0,0,0,0,0,0,0,0,0,1
901,3.67,0.728,2.11,2.2880000000000003,2.964,1,0,0,0,0,0,0,0,1,0,0,0
902,3.475,0.405,0.875,3.148,4.803,0,1,0,0,0,0,0,1,0,0,0,0
903,2.801,0.728,2.226,0.736,3.109,1,0,0,0,0,0,0,1,0,0,0,0
904,3.6519999999999997,0.872,0.867,3.983,4.04,0,0,1,0,0,0,0,0,1,0,0,0
905,3.763,0.9159999999999999,0.878,2.918,4.8180000000000005,1,0,0,0,0,0,0,0,0,0,0,1
906,2.8310000000000004,1.393,1.077,0.9059999999999999,5.317,1,0,0,0,0,0,1,0,0,0,0,0
907,4.0569999999999995,1.032,1.183,4.754,8.201,0,1,0,0,0,0,0,0,1,0,0,0
